Date,Month,PM25,Ozone,NO2,SO2,CO,Windspeed,Temperature,AQI_Yesterday,AQI_Mean7,AQI_Nextday
2021-01-04,1,17.6841666,0.015153923,18.25570631,0.313889,0.553226423,87.06527774,53.57051292,82.0,105.0,84.0
2021-01-05,1,19.73333322,0.011398231,21.86814994,0.257638833,0.562243385,83.82175926,53.94391015,77.0,100.8,90.0
2021-01-06,1,21.9245833,0.011755692,25.78767631,0.447916667,0.706900792,91.34614193,57.408654,84.0,99.0,84.0
2021-01-07,1,17.66,0.010895846,28.55991844,0.570833167,0.716111231,85.3811167,56.27494169,90.0,96.85714285714286,88.0
2021-01-08,1,20.93,0.017877769,26.52982325,0.5368055,0.66089975,88.93240741,56.63141031,84.0,83.14285714285714,96.0
2021-01-09,1,22.6675,0.021805385,20.03782838,0.440277667,0.520313,75.55108026,58.21474354,88.0,85.85714285714286,71.0
2021-01-10,1,10.69166665,0.021497769,16.70151725,0.363194333,0.404361038,96.66604941,57.38942315,96.0,84.28571428571429,69.0
2021-01-11,1,14.0258334,0.018443462,23.56483244,0.517361,0.506985154,92.34691356,57.62884615,71.0,83.14285714285714,69.0
2021-01-12,1,13.8129166,0.014588231,26.34548225,0.564583333,0.533272462,92.64182104,56.83461538,69.0,81.0,77.0
2021-01-13,1,14.26138887,0.013246077,28.47328888,0.606990667,0.6318962,90.10354948,59.87179492,69.0,79.14285714285714,86.0
2021-01-14,1,20.315606,0.018472385,26.27846357,0.847222167,0.632809958,88.59290126,66.79967938,77.0,79.42857142857143,82.0
2021-01-15,1,17.9625,0.021176417,25.37460133,1.034027833,0.623369667,89.28441359,70.62243577,86.0,78.57142857142857,93.0
2021-01-16,1,16.821875,0.022186417,25.24103867,0.910416667,0.60216625,79.78703707,68.38205138,82.0,78.14285714285714,84.0
2021-01-17,1,17.38425922,0.023633538,18.85345413,0.552777833,0.524358375,88.62777774,68.23589738,93.0,80.0,74.0
2021-01-18,1,14.79027778,0.027579231,21.39623187,0.477083167,0.508733333,83.61466052,61.48333331,84.0,80.71428571428571,64.0
2021-01-19,1,7.468154786,0.031819,7.1810496,0.181370667,0.238189625,48.53131315,58.82867131,74.0,80.0,51.0
2021-01-20,1,6.29625,0.023755692,11.28364733,0.283333333,0.291009958,55.41249996,64.15384615,64.0,76.28571428571429,58.0
2021-01-21,1,9.8027935,0.018352923,18.83608593,0.4118685,0.371480375,83.9787037,59.68141023,51.0,72.28571428571429,53.0
2021-01-22,1,7.261764765,0.029117692,11.83300727,0.241666667,0.318087125,84.39351856,54.26217946,58.0,68.14285714285714,57.0
2021-01-23,1,6.1871196,0.018538462,10.32820047,0.188194333,0.267234818,72.07577163,47.976923,53.0,63.0,62.0
2021-01-24,1,11.00375,0.030031615,8.7137318,0.273611167,0.317613545,88.99475307,48.977564,57.0,59.857142857142854,42.0
2021-01-25,1,4.358333333,0.026809846,7.349118333,0.196527833,0.224431909,126.320679,47.07916662,62.0,55.285714285714285,52.0
2021-01-26,1,6.6237501,0.023580923,14.57979167,0.274305667,0.330121957,89.09737656,46.526923,42.0,53.57142857142857,54.0
2021-01-27,1,6.0975,0.023878769,13.1412516,0.3182065,0.292267125,59.27052467,50.90224362,52.0,54.0,54.0
2021-01-28,1,6.927205882,0.033687692,14.00603867,0.313889,0.359322208,75.16064811,51.95865377,54.0,53.42857142857143,55.0
2021-01-29,1,6.0127355,0.017877769,11.02481456,0.192361,0.27745325,66.83533944,48.54038462,54.0,53.714285714285715,70.0
2021-01-30,1,11.790634,0.021484154,14.15157381,0.268055667,0.425083,91.82145059,50.40032046,55.0,55.57142857142857,60.0
2021-01-31,1,9.193333333,0.023886923,14.9964675,0.295833333,0.397863792,87.46496915,56.785577,70.0,55.285714285714285,61.0
2021-02-01,2,9.9975,0.013099615,24.31518344,0.510416833,0.466009875,88.66157415,61.45064108,60.0,58.0,57.0
2021-02-02,2,8.0049094,0.018428154,20.46559019,0.458333333,0.471187417,105.3348766,60.451282,61.0,58.714285714285715,59.0
2021-02-03,2,9.243872529,0.019680714,17.12965019,0.311111167,0.448073833,88.44830259,55.93557685,57.0,59.42857142857143,62.0
2021-02-04,2,11.0178442,0.020472571,15.45729813,0.239385,0.349147125,79.13935189,54.96250015,59.0,60.57142857142857,69.0
2021-02-05,2,15.36342589,0.020842929,21.52854838,0.449801667,0.504028577,95.14274689,56.37564092,62.0,62.57142857142857,96.0
2021-02-06,2,19.60565479,0.022474857,23.68358231,0.5743055,0.62078988,93.03811726,58.76794877,69.0,66.28571428571429,84.0
2021-02-07,2,19.80471011,0.028474786,18.9311112,0.438888833,0.571271083,89.80308644,56.151923,96.0,69.71428571428571,83.0
2021-02-08,2,13.67037033,0.035768929,14.2621016,0.214583333,0.40823525,83.6074073,54.17756415,84.0,72.85714285714286,83.0
2021-02-09,2,13.98671875,0.031689143,10.85712994,0.201389,0.282310167,78.16457233,54.76588823,83.0,76.57142857142857,74.0
2021-02-10,2,15.95092589,0.023736786,17.11681025,0.209027833,0.373621846,95.23602293,55.05146523,83.0,78.71428571428571,84.0
2021-02-11,2,20.35919311,0.032104929,19.22867713,0.404953667,0.488906962,98.22453707,55.50256415,74.0,81.85714285714286,65.0
2021-02-12,2,7.465869533,0.022979786,11.36585156,0.585524333,0.274667833,101.2822529,57.47339746,84.0,81.28571428571429,55.0
2021-02-13,2,8.08875,0.033500214,10.40844193,0.225694333,0.321549818,90.39320981,55.58205131,65.0,75.42857142857143,43.0
2021-02-14,2,4.0912501,0.033890643,4.152608733,0.259027833,0.239673955,114.2833333,58.86762815,55.0,69.57142857142857,55.0
2021-02-15,2,9.044117647,0.0247185,14.68667113,0.334027667,0.364672455,64.92540685,55.05964454,43.0,65.57142857142857,57.0
2021-02-16,2,9.020749222,0.033670214,9.00497875,0.2380555,0.263785577,99.93912444,57.693809,55.0,61.857142857142854,57.0
2021-02-17,2,9.557870333,0.027553786,12.71955794,0.2618055,0.317459731,86.14814422,55.95546531,57.0,59.42857142857143,61.0
2021-02-18,2,8.575277733,0.026412786,16.76953225,0.4032375,0.38188688,88.31085859,56.314423,57.0,56.142857142857146,63.0
2021-02-19,2,11.3795833,0.022190357,24.70459475,0.465833333,0.509995792,92.98765426,56.91282054,61.0,55.857142857142854,63.0
2021-02-20,2,11.1620833,0.032431786,13.95327225,0.3319445,0.442995208,103.796605,55.44647438,63.0,57.0,64.0
2021-02-21,2,9.500895118,0.030525,13.03311813,0.386805667,0.36771575,99.02854941,58.56987162,63.0,60.0,60.0
2021-02-22,2,8.4901268,0.02334,19.63257931,0.44,0.42926475,91.79228396,63.28333338,64.0,60.714285714285715,63.0
2021-02-23,2,11.206369,0.022672429,23.10338544,0.570833333,0.448077583,84.27654322,62.77371792,60.0,61.57142857142857,61.0
2021-02-24,2,10.73166667,0.031970214,20.24025363,0.364120333,0.455048333,83.4743827,60.11923069,63.0,62.142857142857146,63.0
2021-02-25,2,11.9195833,0.030048571,15.96857956,0.3670395,0.349968375,73.53996915,58.865064,61.0,62.42857142857143,66.0
2021-02-26,2,13.1175,0.026228643,22.705813,0.3580555,0.449336333,92.11836411,58.86826923,63.0,62.857142857142854,70.0
2021-02-27,2,12.91205241,0.03471,13.09558425,0.215277667,0.376955,85.25694444,57.88814092,66.0,63.857142857142854,62.0
2021-02-28,2,9.1941667,0.033508357,11.52160313,0.216666667,0.348105417,73.77978396,58.68108969,70.0,63.57142857142857,64.0
2021-03-01,3,6.8904166,0.026546214,18.47655119,0.248611167,0.367036417,82.25817904,58.63974362,62.0,64.14285714285714,60.0
2021-03-02,3,8.8105556,0.028628786,20.70207569,0.328935167,0.427755167,90.57530859,58.73685892,64.0,63.714285714285715,57.0
2021-03-03,3,8.9472283,0.027095429,18.13981781,0.122731167,0.393996583,64.21265433,49.60064092,60.0,63.142857142857146,59.0
2021-03-04,3,10.085,0.029076286,16.68101875,0.177777833,0.398788,94.91567456,54.43641362,57.0,62.57142857142857,68.0
2021-03-05,3,10.99950982,0.033378214,20.211271,0.307638833,0.453811792,98.94799381,60.50288462,59.0,62.857142857142854,60.0
2021-03-06,3,9.6316666,0.031983286,12.21919144,0.309027833,0.355653792,87.01219133,56.72275646,68.0,61.42857142857143,56.0
2021-03-07,3,7.4879166,0.035890786,6.75673675,0.0875,0.263005792,76.96820985,55.82211531,60.0,60.57142857142857,54.0
2021-03-08,3,7.021666667,0.030693286,7.019939733,0.1194445,0.2374325,92.40941348,56.88108985,56.0,59.142857142857146,52.0
2021-03-09,3,7.7741666,0.038470643,10.2083378,0.146527667,0.319331615,97.00509256,52.80416669,54.0,58.0,43.0
2021-03-10,3,3.8179167,0.036176571,7.164549438,0.098611167,0.242914269,85.7209877,49.37948708,52.0,56.0,52.0
2021-03-11,3,3.493723294,0.030297857,9.816356063,0.076388833,0.275461875,74.41172841,47.45160246,43.0,55.0,58.0
2021-03-12,3,7.9437499,0.026647154,14.89190544,0.10625,0.367352875,94.24814819,48.33397431,52.0,53.57142857142857,64.0
2021-03-13,3,12.2041666,0.0322375,10.73237094,0.129861167,0.342557333,81.63919752,52.35448715,58.0,54.142857142857146,57.0
2021-03-14,3,9.528611067,0.039949429,5.739990938,0.104861167,0.257412333,83.98086422,54.725,64.0,54.285714285714285,43.0
2021-03-15,3,4.4622727,0.034689071,6.412182875,0.075000167,0.223279042,101.7169752,49.99583323,57.0,52.714285714285715,49.0
2021-03-16,3,5.6579167,0.025099643,12.00776925,0.112500167,0.2862655,88.86653444,49.76300354,43.0,52.285714285714285,58.0
2021-03-17,3,9.732664882,0.030437357,16.88296938,0.2208335,0.412544792,91.795216,53.00576915,49.0,54.42857142857143,64.0
2021-03-18,3,9.7508333,0.033503308,17.53325494,0.250694333,0.393456208,89.92026963,56.92147438,58.0,56.142857142857146,57.0
2021-03-19,3,7.6669746,0.027474385,15.49614813,0.275,0.391107962,95.29722226,58.96378208,64.0,56.0,54.0
2021-03-20,3,6.87,0.033280462,7.169984188,0.116666667,0.225717308,99.30354941,57.81602569,57.0,54.57142857142857,55.0
2021-03-21,3,9.2716667,0.036058923,8.481601063,0.206249833,0.286813042,93.88919752,56.83910254,54.0,54.285714285714285,56.0
2021-03-22,3,9.745,0.034668071,12.36154913,0.224305667,0.318463083,78.22577156,56.72403838,55.0,56.142857142857146,55.0
2021-03-23,3,8.644803941,0.038429714,8.970608188,0.147916667,0.241133458,103.7643518,58.42596154,56.0,57.0,56.0
2021-03-24,3,7.8585715,0.038461,10.05303013,0.190277667,0.261101045,102.4979166,61.22564108,55.0,56.714285714285715,55.0
2021-03-25,3,8.6308514,0.035416214,7.137034313,0.109722333,0.221897833,93.36875004,53.41538446,56.0,55.42857142857143,54.0
2021-03-26,3,7.849038462,0.029147071,10.54067019,0.235139,0.262198042,91.71023279,55.29304031,55.0,55.0,62.0
2021-03-27,3,11.1453125,0.031823643,14.99526731,0.420833333,0.391319417,96.41026782,60.64743592,54.0,56.142857142857146,77.0
2021-03-28,3,10.846875,0.0380295,13.35626137,0.380555667,0.401177542,101.9004463,67.90320515,62.0,59.285714285714285,67.0
2021-03-29,3,11.2802778,0.038525286,17.16059781,0.535416667,0.39308575,93.58794643,65.19647438,77.0,60.857142857142854,68.0
2021-03-30,3,14.14388089,0.033422214,11.68883038,0.211201,0.279971917,88.88586307,62.42795431,67.0,62.714285714285715,74.0
2021-03-31,3,12.79537033,0.037201571,19.70687844,0.434446167,0.394738833,93.38333325,69.49775646,68.0,65.28571428571429,80.0
2021-04-01,4,9.394230769,0.035605929,21.16977163,0.503472167,0.375775625,87.36314096,71.45961538,74.0,68.85714285714286,93.0
2021-04-02,4,11.83854163,0.041710214,14.64672519,0.318642167,0.353696583,90.24519231,63.10865385,80.0,74.42857142857143,112.0
2021-04-03,4,16.10052088,0.040621929,11.37853256,0.295833333,0.349290417,108.8450321,61.83076931,93.0,81.57142857142857,112.0
2021-04-04,4,12.83777773,0.037962214,11.66425506,0.49375,0.377641833,90.271795,64.01987169,112.0,86.57142857142857,62.0
2021-04-05,4,10.21302088,0.033096643,11.55387469,0.333333333,0.288375583,90.00496788,61.26474354,112.0,85.85714285714286,66.0
2021-04-06,4,11.2984375,0.033650714,10.84862175,0.264421,0.271287583,87.67387819,61.3375,62.0,85.57142857142857,87.0
2021-04-07,4,13.00256408,0.035573929,15.89809506,0.473926833,0.364986846,102.8669871,64.57980777,66.0,87.42857142857143,64.0
2021-04-08,4,11.72239588,0.035285071,13.27189588,0.4016865,0.329790885,90.63108973,64.00416669,87.0,85.14285714285714,80.0
2021-04-09,4,12.59635425,0.037886429,13.33694513,0.363194333,0.32469568,91.62724369,64.12211538,64.0,83.28571428571429,100.0
2021-04-10,4,15.4697222,0.042247857,11.35485731,0.423171167,0.321980667,94.13798065,64.27435892,80.0,81.57142857142857,101.0
2021-04-11,4,15.02604175,0.045991571,7.255015875,0.268750167,0.268168769,93.30689112,62.71474354,100.0,80.0,71.0
2021-04-12,4,14.81979163,0.045689071,7.032076375,0.176389,0.23264496,102.9495193,60.71378208,101.0,81.28571428571429,60.0
2021-04-13,4,11.5625,0.040033357,6.57056625,0.164583333,0.216190833,111.1156615,57.87905015,71.0,80.42857142857143,63.0
2021-04-14,4,10.3,0.037759857,7.588853813,0.2125,0.211300542,111.7620192,56.53012823,60.0,77.0,67.0
2021-04-15,4,12.29322925,0.036579714,11.35138806,0.272916833,0.288503708,92.3328525,57.10032054,63.0,77.42857142857143,75.0
2021-04-16,4,14.33010207,0.037650857,11.93925494,0.346527667,0.306323125,95.52964735,60.02115377,67.0,76.71428571428571,93.0
2021-04-17,4,13.4296875,0.0365,10.06480988,0.305555667,0.310688458,89.49278838,61.85160254,75.0,75.71428571428571,71.0
2021-04-18,4,9.331770875,0.040348714,9.460688313,0.296527667,0.326464375,93.43173081,70.35576923,93.0,71.42857142857143,80.0
2021-04-19,4,11.44551277,0.041684143,15.30537988,0.547916667,0.360714769,96.49647435,69.78012815,71.0,72.71428571428571,74.0
2021-04-20,4,13.00773814,0.042369714,8.720086,0.228472167,0.256873385,93.74567308,61.68846154,80.0,74.71428571428571,58.0
2021-04-21,4,8.717857143,0.039201786,5.224506875,0.197222167,0.192749154,96.71169869,58.39583346,74.0,74.0,55.0
2021-04-22,4,7.780654786,0.038783286,7.084298125,0.188889,0.20837972,113.9325321,58.07980762,58.0,72.28571428571429,60.0
2021-04-23,4,8.42239575,0.039134357,7.36839075,0.218244833,0.222494,110.5826922,59.16987177,55.0,70.14285714285714,59.0
2021-04-24,4,9.435947667,0.0384075,5.989096563,0.215277833,0.221027423,119.6711538,59.44230777,60.0,65.28571428571429,56.0
2021-04-25,4,6.320555533,0.039529429,3.942368563,0.1694445,0.198272192,111.3251602,58.34647431,59.0,63.142857142857146,42.0
2021-04-26,4,4.065740778,0.038318,5.348409938,0.1819445,0.17782472,111.2629808,56.94871785,56.0,57.714285714285715,53.0
2021-04-27,4,6.23802075,0.033075538,6.974238125,0.215972333,0.194568542,91.88942312,58.13333331,42.0,54.714285714285715,61.0
2021-04-28,4,8.788095214,0.033146429,14.328771,0.385416667,0.301733958,90.65913462,66.81826923,53.0,55.142857142857146,90.0
2021-04-29,4,10.83101856,0.037529786,18.51214669,0.595833333,0.368460038,91.91522435,72.81826915,61.0,60.142857142857146,133.0
2021-04-30,4,13.1091667,0.042824357,18.86020413,0.6006945,0.395739038,97.301923,74.87532054,90.0,70.57142857142857,90.0
2021-05-01,5,11.24423077,0.039882357,9.064710067,0.309027667,0.259147417,93.58798077,65.388782,133.0,75.0,61.0
2021-05-02,5,9.2097463,0.035361286,3.935036067,0.186111,0.176575125,95.80737181,62.20801292,90.0,75.71428571428571,70.0
2021-05-03,5,12.4399999,0.0339915,9.028973533,0.321527833,0.23820213,107.4488782,65.83814092,61.0,79.71428571428571,100.0
2021-05-04,5,15.028125,0.041570143,12.15478213,0.4279115,0.285261682,99.29472612,68.66416085,70.0,86.42857142857143,129.0
2021-05-05,5,14.90227273,0.042407857,12.58061719,0.37774975,0.310161045,102.7334936,68.48525638,100.0,96.14285714285714,84.0
2021-05-06,5,12.4529167,0.040405571,8.698550938,0.22916675,0.261214286,101.302564,64.34230762,129.0,95.28571428571429,74.0
2021-05-07,5,9.596944467,0.042134357,7.602038,0.176725333,0.230783136,105.3010452,63.34594492,84.0,86.85714285714286,90.0
2021-05-08,5,9.2420833,0.043415857,5.662216875,0.159722167,0.230940591,95.013141,64.70256423,74.0,86.85714285714286,84.0
2021-05-09,5,12.1070833,0.047575714,4.863507688,0.155555667,0.231827,96.95753215,63.70705131,90.0,90.14285714285714,65.0
2021-05-10,5,11.085049,0.038059,6.210688438,0.146527833,0.218875909,100.3782051,63.25480777,84.0,89.42857142857143,97.0
2021-05-11,5,11.6141667,0.043147571,8.459654125,0.14032725,0.2503784,100.2500001,65.08012823,65.0,89.0,97.0
2021-05-12,5,10.82725,0.043111857,8.452661125,0.12604175,0.247192042,107.9866071,65.174359,97.0,84.42857142857143,97.0
2021-05-13,5,10.00861113,0.044283214,8.323387688,0.1403985,0.241157038,113.3965618,63.95247669,97.0,86.28571428571429,80.0
2021-05-14,5,10.5277976,0.045768857,7.470969063,0.173084833,0.231338231,103.2075321,63.98044869,97.0,87.14285714285714,76.0
2021-05-15,5,8.106203667,0.042951643,4.073267563,0.152083333,0.197871462,100.3818911,62.15416677,80.0,85.14285714285714,64.0
2021-05-16,5,4.5225,0.039923077,3.7461836,0.153472333,0.194050346,108.0641026,59.35352562,76.0,82.28571428571429,56.0
2021-05-17,5,5.5765625,0.036629769,7.0362102,0.165972333,0.2127415,113.4700321,61.98012808,64.0,81.0,74.0
2021-05-18,5,8.514166625,0.037680786,8.811511467,0.179861167,0.239033423,106.8799679,65.13653838,56.0,77.71428571428571,84.0
2021-05-19,5,10.32388887,0.040413,8.238856125,0.167361,0.244926346,95.55673077,64.39395208,74.0,75.85714285714286,66.0
2021-05-20,5,12.1409568,0.038714286,7.483975625,0.186805667,0.2052295,108.3518589,62.19647438,84.0,71.42857142857143,61.0
2021-05-21,5,11.0716667,0.0372365,7.255370063,0.202083333,0.212984423,112.4278847,60.61217946,66.0,68.71428571428571,61.0
2021-05-22,5,10.17573529,0.035638643,5.588915313,0.232638833,0.201671538,95.45929492,59.06153846,61.0,66.57142857142857,62.0
2021-05-23,5,10.7558333,0.033294143,7.514402125,0.3875,0.262790115,98.26362173,62.59551277,61.0,66.28571428571429,97.0
2021-05-24,5,11.01875,0.039659714,14.91876131,0.509027833,0.332071231,103.8578525,71.82756415,62.0,72.14285714285714,100.0
2021-05-25,5,10.6727778,0.038525286,13.70870713,0.390277833,0.299816731,92.995032,72.19743585,97.0,75.85714285714286,71.0
2021-05-26,5,11.55875,0.036485071,8.790138813,0.245138833,0.225810154,92.58701927,67.263782,100.0,74.0,90.0
2021-05-27,5,11.5174999,0.040088143,7.381895375,0.234722167,0.207559923,100.0535257,65.24807677,71.0,77.42857142857143,122.0
2021-05-28,5,11.20661765,0.041082071,8.970093375,0.24375,0.252010885,100.063141,65.38044869,90.0,86.14285714285714,71.0
2021-05-29,5,9.67,0.039109214,5.839141688,0.198611167,0.2017865,101.9490384,63.54198715,122.0,87.57142857142857,80.0
2021-05-30,5,7.8154167,0.040958,4.748324375,0.1569445,0.2026395,93.06714746,65.28269238,71.0,90.14285714285714,101.0
2021-05-31,5,9.660555533,0.041731071,5.385258188,0.1444445,0.22064492,98.08589735,66.846795,80.0,90.71428571428571,140.0
2021-06-01,6,12.2804167,0.040962214,9.733808813,0.173611,0.269165125,106.9176282,68.38012823,101.0,96.42857142857143,161.0
2021-06-02,6,10.7475,0.042336071,10.53340131,0.171527833,0.269979269,109.8778846,68.57852569,140.0,109.28571428571429,159.0
2021-06-03,6,7.884635438,0.042939929,8.356419813,0.163333333,0.236055808,93.87355773,68.56762823,161.0,119.14285714285714,108.0
2021-06-04,6,7.5354167,0.035570286,9.445003625,0.2083335,0.240921385,99.55384615,68.53846162,159.0,117.14285714285714,61.0
2021-06-05,6,6.5891667,0.038785786,6.896093813,0.173611167,0.215541615,100.9751604,67.91602562,108.0,115.71428571428571,57.0
2021-06-06,6,5.044021733,0.036382286,4.000000063,0.147222167,0.177403846,96.38397438,65.296154,61.0,112.42857142857143,50.0
2021-06-07,6,4.0505435,0.034874,5.444531313,0.154861167,0.180391,96.30352565,61.96891031,57.0,105.14285714285714,58.0
2021-06-08,6,6.774074111,0.036222714,6.251302125,0.2,0.180820577,107.1055861,64.78429485,50.0,93.42857142857143,58.0
2021-06-09,6,6.869607824,0.033895,9.593489688,0.347916667,0.229423038,104.0516026,65.42083331,58.0,78.71428571428571,57.0
2021-06-10,6,7.83875,0.031888143,9.501387313,0.321717,0.216631577,91.23060892,65.93218877,58.0,64.14285714285714,119.0
2021-06-11,6,10.7640909,0.0404495,12.62251425,0.459866333,0.287239769,95.69006412,69.48044862,57.0,65.71428571428571,172.0
2021-06-12,6,10.3805556,0.046937071,11.75859375,0.472916667,0.322764423,93.7016025,72.46025638,119.0,81.57142857142857,143.0
2021-06-13,6,7.7866666,0.038050286,8.06953125,0.36875,0.257714654,103.1435897,72.33333331,172.0,93.85714285714286,97.0
2021-06-14,6,8.9791666,0.028075571,12.908631,0.536805667,0.288181615,97.91474362,76.36250008,143.0,100.57142857142857,129.0
2021-06-15,6,11.24877447,0.038016857,16.72276081,0.621527667,0.335341962,95.34455131,80.20641031,97.0,110.71428571428571,169.0
2021-06-16,6,13.9233333,0.033515846,10.5314614,0.360416667,0.26282325,95.70112177,75.93237185,129.0,126.57142857142857,140.0
2021-06-17,6,11.37875,0.033269214,13.42756819,0.268055667,0.304573962,96.30032046,74.64391015,169.0,138.42857142857142,159.0
2021-06-18,6,12.33333333,0.036811,10.86368988,0.177083333,0.263180038,100.6274184,72.68942292,140.0,144.14285714285714,169.0
2021-06-19,6,12.2080978,0.0415,8.115908125,0.170139,0.251942192,108.9137821,72.817162,159.0,143.71428571428572,129.0
2021-06-20,6,11.2816667,0.037811,6.942221375,0.1944445,0.2272285,109.4697116,70.90576915,169.0,141.71428571428572,115.0
2021-06-21,6,9.370833353,0.039300429,8.982212438,0.25625,0.2302564,104.8985577,70.97916669,129.0,144.28571428571428,74.0
2021-06-22,6,6.308913,0.026329286,9.608127813,0.3493055,0.225390625,112.2809753,70.65044192,115.0,136.42857142857142,61.0
2021-06-23,6,5.5083333,0.027054643,9.328815625,0.4055555,0.224612792,106.9003205,70.99871792,74.0,121.0,51.0
2021-06-24,6,4.308888867,0.024000571,7.861704063,0.289583333,0.196409154,111.1200321,68.60160262,61.0,108.28571428571429,57.0
2021-06-25,6,6.0791667,0.028694857,10.21594144,0.407639,0.233418692,106.4088142,71.06025638,51.0,93.71428571428571,140.0
2021-06-26,6,10.13,0.038680643,10.24560688,0.479861167,0.259775923,101.5815705,73.95641015,57.0,89.57142857142857,177.0
2021-06-27,6,11.89068629,0.041075571,8.748358125,0.275000167,0.250529115,98.78926288,74.43653862,140.0,96.42857142857143,195.0
2021-06-28,6,11.9954166,0.042873929,9.57922325,0.197916667,0.25771624,101.5003204,74.33108969,177.0,107.85714285714286,108.0
2021-06-29,6,8.4616666,0.032142714,8.512343563,0.208333333,0.224434583,97.56362177,71.54743592,195.0,112.71428571428571,143.0
2021-06-30,6,7.911388933,0.035500929,8.60661675,0.158531667,0.222556292,96.47596146,72.41282046,108.0,124.42857142857143,112.0
2021-07-01,7,8.1620833,0.037029429,8.889204688,0.314583333,0.23538625,104.2345238,74.14839754,143.0,133.14285714285714,108.0
2021-07-02,7,10.38875,0.035054385,11.64863,0.261111167,0.280058,104.1797203,73.94280308,112.0,140.42857142857142,119.0
2021-07-03,7,9.135539235,0.035959385,9.2337635,0.359027833,0.2664395,104.3421475,74.26314115,108.0,137.42857142857142,142.0
2021-07-04,7,19.0225,0.035429769,6.378657188,0.335416667,0.212168125,102.2746795,72.13974346,119.0,132.42857142857142,180.0
2021-07-05,7,12.355,0.0368285,7.269599063,0.272222333,0.231363125,103.3565705,71.05961531,142.0,130.28571428571428,136.0
2021-07-06,7,9.394166667,0.037596643,9.87569575,0.303472167,0.238175542,100.8728205,72.94839746,180.0,134.28571428571428,187.0
2021-07-07,7,10.3745833,0.040575643,11.97622281,0.24375,0.2601105,98.38445515,74.297436,136.0,140.57142857142858,179.0
2021-07-08,7,11.4783334,0.038979,12.51796869,0.279861167,0.270936292,99.61266031,76.42051277,187.0,150.14285714285714,185.0
2021-07-09,7,12.17355165,0.0403475,12.78040131,0.4145835,0.288331917,106.2125,78.97916662,179.0,161.14285714285714,150.0
2021-07-10,7,13.98625,0.037974714,10.15705906,0.409722333,0.264611458,99.20381708,78.14720269,185.0,165.57142857142858,115.0
2021-07-11,7,11.4070833,0.0384665,6.445369125,0.303472167,0.212264375,95.21650646,76.46057692,150.0,161.71428571428572,112.0
2021-07-12,7,10.61972227,0.0375,8.704574438,0.260416667,0.226282458,100.0926282,74.94903854,115.0,152.0,119.0
2021-07-13,7,13.38875,0.038735929,11.03719744,0.233611,0.259994292,104.8801693,76.20174823,112.0,149.57142857142858,90.0
2021-07-14,7,9.0059602,0.035298429,9.943851813,0.244177,0.245788667,100.7173077,75.78173085,119.0,135.71428571428572,87.0
2021-07-15,7,6.989845941,0.037645,8.5167225,0.216765833,0.214779375,103.874024,75.25737177,90.0,122.57142857142857,100.0
2021-07-16,7,7.3916666,0.037683308,9.278327875,0.288699667,0.234098917,106.4761218,74.71250008,87.0,110.42857142857143,119.0
2021-07-17,7,8.9054167,0.041307769,8.922724188,0.372916667,0.248271,106.7054488,75.811218,100.0,106.0,136.0
2021-07-18,7,9.358888933,0.041936692,7.985880813,0.531944333,0.254471208,109.5392628,78.528205,119.0,109.0,115.0
2021-07-19,7,11.3858334,0.036253385,11.004563,0.529166667,0.255461833,107.2657051,79.01923077,136.0,109.42857142857143,97.0
2021-07-20,7,11.8579166,0.032460077,11.50831294,0.5,0.253412958,107.4403845,78.16282046,115.0,106.28571428571429,119.0
2021-07-21,7,13.75759806,0.035725,12.01049419,0.479166667,0.260196125,105.1786859,78.84487185,97.0,110.42857142857143,78.0
2021-07-22,7,13.9471196,0.031012571,9.6656325,0.392361,0.232278542,94.58713377,76.50444154,119.0,109.14285714285714,84.0
2021-07-23,7,15.0016666,0.036957929,9.065228813,0.3069445,0.230143667,103.732532,75.03108977,78.0,106.85714285714286,100.0
2021-07-24,7,12.64805553,0.039895857,7.715081437,0.229861167,0.236099542,103.886218,73.24358985,84.0,104.14285714285714,90.0
2021-07-25,7,9.458796333,0.036878714,5.62421875,0.232638833,0.205920167,107.5435898,72.97333331,100.0,97.57142857142857,65.0
2021-07-26,7,9.7375,0.030726929,10.76707588,0.34375,0.261297,107.0426281,71.65735792,90.0,90.42857142857143,87.0
2021-07-27,7,8.891176412,0.033705929,10.10160469,0.254861167,0.249403292,118.0024318,73.54046815,65.0,89.0,87.0
2021-07-28,7,8.6291667,0.030752071,12.14693156,0.554166667,0.274101417,110.5521878,76.47030885,87.0,84.42857142857143,84.0
2021-07-29,7,9.2504167,0.030131071,12.93890181,0.564583333,0.290354792,110.0487179,76.11698723,87.0,85.28571428571429,87.0
2021-07-30,7,10.57666673,0.033466286,12.51662138,0.492214667,0.295299875,114.0524038,74.80384608,84.0,85.71428571428571,100.0
2021-07-31,7,9.0550001,0.032907714,10.10137,0.496527833,0.289069542,113.9437501,74.9375,87.0,85.71428571428571,115.0
2021-08-01,8,7.72,0.034487429,9.452808,0.590277833,0.283340958,102.1285257,76.50512808,100.0,89.28571428571429,112.0
2021-08-02,8,8.728676471,0.0343445,14.62873644,0.6055555,0.336706792,103.5477563,78.84871808,115.0,96.0,154.0
2021-08-03,8,10.5470834,0.038768429,15.04687563,0.634226,0.323044375,103.6578526,78.02275646,112.0,105.57142857142857,179.0
2021-08-04,8,12.39625,0.038634429,13.73526531,0.532640667,0.312167708,105.2754808,77.298077,154.0,118.71428571428571,179.0
2021-08-05,8,13.38111113,0.041931214,13.22544069,0.510138833,0.303269125,99.73926277,76.72632785,179.0,132.28571428571428,140.0
2021-08-06,8,11.79120378,0.040509214,9.864245867,0.3305555,0.267800167,94.85112181,72.96641031,179.0,139.85714285714286,129.0
2021-08-07,8,11.0879167,0.044184929,7.462797571,0.308333333,0.241603,98.83381408,72.59647438,140.0,144.0,119.0
2021-08-08,8,11.35588241,0.045235286,6.876190429,0.3555555,0.242538458,99.60064104,72.69358969,129.0,144.57142857142858,129.0
2021-08-09,8,9.5425,0.037285714,10.27555567,0.845833333,0.255574917,100.0294872,74.30961538,119.0,147.0,143.0
2021-08-10,8,11.6,0.040621214,12.14285038,0.4375,0.286314125,107.3815706,76.07948723,129.0,145.42857142857142,90.0
2021-08-11,8,10.7491666,0.033672357,14.27922047,0.59375,0.293623375,108.9090765,78.54376469,143.0,132.71428571428572,80.0
2021-08-12,8,10.3791667,0.030889286,13.73450563,0.505853167,0.313566958,94.19759612,80.03237185,90.0,118.57142857142857,61.0
2021-08-13,8,9.6454166,0.027516786,12.07698656,0.405176667,0.287298458,93.50288465,77.48589746,80.0,107.28571428571429,101.0
2021-08-14,8,11.73553924,0.036390643,10.23528075,0.540972167,0.302687583,102.8253206,76.61410262,61.0,103.28571428571429,164.0
2021-08-15,8,13.2108333,0.0405965,9.687817188,0.622916833,0.32459425,102.7373398,78.17467962,101.0,109.71428571428571,122.0
2021-08-16,8,16.4033334,0.034449571,12.04679569,0.454861167,0.324756542,96.05865392,77.31346146,164.0,108.71428571428571,61.0
2021-08-17,8,10.42166667,0.029315857,8.186494563,0.3256945,0.250950208,96.52772423,74.64935892,122.0,97.0,55.0
2021-08-18,8,7.70625,0.023803286,5.3855085,0.302777667,0.198010667,99.15849362,70.96602569,61.0,92.0,67.0
2021-08-19,8,8.3441667,0.030630357,7.679744125,0.320138833,0.225157292,115.4594551,72.090064,55.0,90.14285714285714,84.0
2021-08-20,8,9.318137235,0.037359071,8.261731688,0.297619,0.246136333,115.2258014,70.99647438,67.0,93.42857142857143,56.0
2021-08-21,8,9.2729167,0.036298286,6.133661625,0.2493055,0.249554625,116.005609,69.31474354,84.0,87.0,87.0
2021-08-22,8,14.3945834,0.040810857,6.425090562,0.2743055,0.310627125,116.5895834,69.45384608,56.0,76.0,129.0
2021-08-23,8,13.890754,0.041466214,11.582552,0.321527833,0.379963375,93.14839746,69.53044877,87.0,77.0,150.0
2021-08-24,8,13.8204167,0.043533714,12.74186231,0.347249167,0.392550708,109.1703525,71.088782,129.0,89.71428571428571,166.0
2021-08-25,8,15.8791667,0.045094,15.35070356,0.449702333,0.433439833,107.2134615,74.72307685,150.0,105.57142857142857,159.0
2021-08-26,8,18.48932288,0.041762786,18.32776981,0.500109667,0.493899042,97.65336535,78.01057708,166.0,118.71428571428571,154.0
2021-08-27,8,15.2416666,0.039574571,18.023331,0.5219445,0.455663458,102.0088142,77.31826923,159.0,128.71428571428572,177.0
2021-08-28,8,14.8558333,0.044788571,12.46840088,0.377777833,0.411068875,105.447855,75.42147446,154.0,146.0,166.0
2021-08-29,8,13.60833333,0.044857357,9.3796875,0.404861,0.3739895,109.3738782,75.03076923,177.0,157.28571428571428,136.0
2021-08-30,8,16.855,0.0413865,11.39389719,0.334027833,0.367281167,103.1554487,72.12564085,166.0,158.28571428571428,79.0
2021-08-31,8,18.97424233,0.038585643,10.81050075,0.259722167,0.360955208,99.51442315,68.04917585,136.0,148.14285714285714,68.0
2021-09-01,9,13.810049,0.037222786,7.508391938,0.2368055,0.323760792,98.17980773,70.17957454,79.0,134.14285714285714,101.0
2021-09-02,9,12.1754167,0.039322857,9.070892438,0.220138833,0.325524958,108.423077,69.83141015,68.0,125.85714285714286,150.0
2021-09-03,9,15.8841667,0.0376555,13.55983094,0.317361167,0.387604083,101.5490384,70.94551277,101.0,125.28571428571429,100.0
2021-09-04,9,13.55556971,0.037012429,14.89671644,0.5305555,0.448155375,102.3826505,76.500641,150.0,114.28571428571429,143.0
2021-09-05,9,15.76302088,0.045966357,12.58374387,0.61875,0.424059583,103.1052885,80.24102562,100.0,111.0,154.0
2021-09-06,9,14.540625,0.042100786,6.010072533,0.328472167,0.324712542,89.71987173,75.67820515,143.0,113.57142857142857,150.0
2021-09-07,9,14.91729169,0.038531357,11.56926375,0.272222167,0.362836292,99.75224365,75.91474369,154.0,123.71428571428571,150.0
2021-09-08,9,15.4091667,0.040009643,13.309273,0.2945955,0.389966125,109.5155449,75.45416662,150.0,135.42857142857142,161.0
2021-09-09,9,13.0825,0.04372,14.50474806,0.376552333,0.389572958,104.8921474,78.02051285,150.0,144.0,115.0
2021-09-10,9,9.8383334,0.0314495,14.75230756,0.46125,0.358026583,111.4458333,77.86634608,161.0,139.0,84.0
2021-09-11,9,10.17625,0.029899214,13.71880656,0.693749833,0.36305825,107.5237179,78.86987177,115.0,136.71428571428572,100.0
2021-09-12,9,11.9808333,0.035861286,11.745369,0.661805667,0.350664583,105.7697115,75.69615385,84.0,130.57142857142858,112.0
2021-09-13,9,12.20710782,0.0365,16.36572694,0.498611167,0.382257667,105.0748398,72.52756408,100.0,124.57142857142857,105.0
2021-09-14,9,12.6523008,0.037661786,16.80117181,0.325,0.376513333,99.64871796,70.088141,112.0,118.14285714285714,105.0
2021-09-15,9,13.7289773,0.043482786,12.67275375,0.2569445,0.333635458,103.1974359,68.78365385,105.0,111.71428571428571,133.0
2021-09-16,9,12.7419444,0.042796385,11.64815667,0.38958325,0.296040696,96.30016023,66.66858985,105.0,107.71428571428571,100.0
2021-09-17,9,10.5933334,0.039537,11.29083247,0.334375,0.321198591,98.30945523,66.71282054,133.0,105.57142857142857,77.0
2021-09-18,9,9.4470834,0.035063308,10.24026567,0.4854165,0.305459955,108.9977564,66.16891023,100.0,104.57142857142857,105.0
2021-09-19,9,11.66470588,0.037352846,11.0318478,0.4010415,0.366673318,91.26474354,66.82596162,77.0,105.28571428571429,115.0
2021-09-20,9,11.8654167,0.033574615,16.57064007,0.39583325,0.421832227,85.35512812,71.82019231,105.0,105.71428571428571,119.0
2021-09-21,9,13.62375,0.038456923,20.05916673,0.752659,0.434418455,97.582532,78.711218,115.0,107.71428571428571,61.0
2021-09-22,9,10.30305553,0.025808083,20.36114253,0.834375,0.446293364,109.1730769,79.09670746,119.0,101.42857142857143,94.0
2021-09-23,9,16.2683333,0.023459231,18.86329973,0.6447915,0.385161318,105.0,72.53365385,61.0,95.85714285714286,88.0
2021-09-24,9,17.89444444,0.029911846,17.90323907,0.54166675,0.435349818,106.9751603,70.09999992,94.0,94.14285714285714,87.0
2021-09-25,9,11.00914324,0.037438846,11.55398547,0.65520825,0.3553835,113.0227565,69.85256423,88.0,95.57142857142857,73.0
2021-09-26,9,13.0245833,0.037058923,6.404516933,0.27291675,0.250859045,111.886859,66.48301285,87.0,91.0,64.0
2021-09-27,9,7.22625,0.028312154,9.941473333,0.20416675,0.268386136,102.1479167,65.74423077,73.0,83.71428571428571,61.0
2021-09-28,9,6.668043467,0.029741923,10.16484853,0.32566275,0.256125773,105.6504808,65.58246938,64.0,75.42857142857143,73.0
2021-09-29,9,11.44,0.029971692,15.60711087,0.39166675,0.370189045,103.7942308,66.85000008,61.0,77.14285714285714,80.0
2021-09-30,9,14.13375,0.031021923,21.34281387,0.55104175,0.471800409,93.25336542,72.42179485,73.0,75.14285714285714,90.0
2021-10-01,10,11.84485294,0.034344,23.10164793,0.5125,0.524489545,88.72067312,73.42030892,80.0,75.42857142857143,115.0
2021-10-02,10,11.3320834,0.041262462,20.38198073,0.85,0.505857818,97.65689108,75.20937492,90.0,79.42857142857143,150.0
2021-10-03,10,11.95875,0.045592692,17.10093,0.6375,0.472938136,87.13141023,76.72534717,115.0,90.42857142857143,93.0
2021-10-04,10,13.3947222,0.041511308,23.19101447,0.678125,0.508438545,95.70368592,74.4510415,150.0,94.57142857142857,71.0
2021-10-05,10,8.3300001,0.037957615,11.3551934,0.34479175,0.274929773,93.98541665,71.12867138,93.0,96.0,67.0
2021-10-06,10,11.6533334,0.036036231,13.69291733,0.33125,0.325184045,104.2713543,66.40256415,71.0,95.14285714285714,58.0
2021-10-07,10,8.376470588,0.030072462,9.961312467,0.3011905,0.265624773,97.86927658,65.46794877,67.0,92.0,50.0
2021-10-08,10,5.2316667,0.023262077,8.832663467,0.2395835,0.229682545,106.0357372,63.501282,58.0,86.28571428571429,53.0
2021-10-09,10,7.927777778,0.027497769,11.540024,0.47291675,0.348363727,93.46442308,63.063141,50.0,77.42857142857143,74.0
2021-10-10,10,10.20333327,0.035561154,14.102971,0.546875,0.417124773,90.15592946,65.87083331,53.0,66.57142857142857,281.0
2021-10-11,10,19.59375,0.035972769,11.0957368,0.24583325,0.352972818,108.0918269,62.39391023,74.0,93.42857142857143,59.0
2021-10-12,10,10.0690151,0.025313462,10.16865453,0.28958325,0.254016455,126.6283169,60.75317608,281.0,91.71428571428571,71.0
2021-10-13,10,12.36151038,0.026918615,20.0437078,0.53333325,0.431765182,92.10133332,60.52820515,59.0,92.28571428571429,75.0
2021-10-14,10,15.745,0.026627846,25.3713148,0.603125,0.524131864,84.81283328,63.66089738,71.0,94.71428571428571,66.0
2021-10-15,10,12.30648144,0.029687538,21.35161307,0.57291675,0.473510636,86.82100004,70.946795,75.0,97.0,71.0
2021-10-16,10,9.246666667,0.030859846,19.22614727,0.51875,0.444046182,86.23583328,71.27499992,66.0,99.57142857142857,63.0
2021-10-17,10,11.0887501,0.038375538,13.963128,0.5354165,0.436000591,98.89249996,63.42660238,71.0,98.0,51.0
2021-10-18,10,6.93375,0.024171923,9.502874467,0.2052085,0.238837818,85.74966668,59.37500008,63.0,65.14285714285714,59.0
2021-10-19,10,7.548774529,0.024766615,15.5124276,0.30520825,0.362572818,84.03049996,58.47211546,51.0,65.14285714285714,61.0
2021-10-20,10,10.78875,0.025535077,19.78037953,0.5385415,0.453003091,96.34710156,60.69679492,59.0,63.714285714285715,93.0
2021-10-21,10,10.48333344,0.028941231,22.4465528,0.5395835,0.522103864,91.30983336,63.41607146,61.0,66.28571428571429,64.0
2021-10-22,10,10.14555553,0.022940846,16.19992267,0.26041675,0.407930455,97.13533336,60.97756408,93.0,66.0,55.0
2021-10-23,10,5.3582609,0.023330385,8.6658576,0.1791665,0.256040364,84.41800012,62.05448731,64.0,63.714285714285715,55.0
2021-10-24,10,6.8041666,0.030823615,7.985362267,0.190625,0.269144227,95.12183332,62.071154,55.0,62.57142857142857,53.0
2021-10-25,10,5.539950941,0.020086,11.12155793,0.1614585,0.274777909,84.59483336,57.61153862,55.0,62.857142857142854,60.0
2021-10-26,10,9.43,0.020120385,15.7237198,0.32083325,0.381945182,90.67116664,58.45961531,53.0,63.0,66.0
2021-10-27,10,11.3270652,0.019389615,24.28408693,0.68688525,0.493673136,92.44883332,66.75737177,60.0,63.714285714285715,81.0
2021-10-28,10,10.0652778,0.022166231,25.50499733,0.76720775,0.530325409,88.40866656,72.52532054,66.0,62.0,63.0
2021-10-29,10,11.3354166,0.021491615,25.78095407,0.580409,0.551900909,85.11616668,70.30608977,81.0,61.857142857142854,77.0
2021-10-30,10,10.41,0.033153846,14.54696873,0.16354175,0.418811091,85.59699992,61.97660269,63.0,65.0,81.0
2021-10-31,10,14.23872547,0.026497846,9.497632733,0.13958325,0.291093864,85.95133332,60.26506415,77.0,68.71428571428571,77.0
2021-11-01,11,16.1908333,0.015882462,19.877399,0.32604175,0.476473818,96.53033332,59.47371792,81.0,72.14285714285714,71.0
2021-11-02,11,9.13125,0.012758846,19.223835,0.2176535,0.446926,87.99900004,60.22211546,77.0,73.71428571428571,80.0
2021-11-03,11,17.76192027,0.016623615,22.3798094,0.328125,0.573092818,85.31583332,62.98484454,71.0,75.71428571428571,104.0
2021-11-04,11,22.99,0.020156,25.4593584,0.28571425,0.555228909,89.11566672,63.74038469,80.0,79.0,123.0
2021-11-05,11,23.7591667,0.025364385,25.89265353,0.2177085,0.599801227,84.22149996,62.74326915,104.0,87.57142857142857,158.0
2021-11-06,11,42.16151959,0.036384692,18.53894927,0.203125,0.490703455,90.20616672,60.18429492,123.0,99.14285714285714,149.0
2021-11-07,11,28.6533333,0.033158462,15.26518113,0.16770825,0.479357455,86.06333332,58.33557685,158.0,108.85714285714286,93.0
2021-11-08,11,13.7870833,0.026393769,17.16960147,0.1385415,0.408839045,75.593,59.10320508,149.0,111.14285714285714,68.0
2021-11-09,11,12.0783334,0.025894231,17.2479996,0.2614585,0.348805318,101.6314848,59.76142192,93.0,110.71428571428571,77.0
2021-11-10,11,15.6104166,0.021297692,20.83048827,0.3135415,0.404565545,84.52649992,64.16217938,68.0,110.28571428571429,75.0
2021-11-11,11,14.3083333,0.021461538,24.80410613,0.67083325,0.506503136,91.32316672,72.15608985,77.0,106.14285714285714,89.0
2021-11-12,11,10.605,0.020365923,25.25032847,0.696875,0.569592591,84.822,75.175,75.0,101.28571428571429,63.0
2021-11-13,11,11.60625,0.020868769,22.248128,0.496875,0.505273318,84.06466668,72.81698723,89.0,87.71428571428571,85.0
2021-11-14,11,17.8075,0.025199077,22.60847827,0.6875,0.576393545,88.52149992,71.12916677,63.0,78.57142857142857,85.0
2021-11-15,11,16.39194447,0.023897538,27.2630554,0.61041675,0.588813182,97.09550008,66.72168331,85.0,77.42857142857143,93.0
2021-11-16,11,21.15,0.019859231,21.6800578,0.4,0.470823364,82.68564496,60.084936,85.0,81.0,87.0
2021-11-17,11,16.6725,0.013910615,21.53161707,0.13786775,0.422829864,86.39399992,59.56891015,93.0,82.42857142857143,94.0
2021-11-18,11,23.95176631,0.017464923,25.68950173,0.27458325,0.626625545,96.36500004,58.32756408,87.0,85.14285714285714,121.0
2021-11-19,11,26.2554167,0.017564846,24.06625514,0.21354175,0.536983182,91.56034848,57.93799538,94.0,89.71428571428571,146.0
2021-11-20,11,37.2495833,0.018856417,21.67329186,0.25520825,0.575359227,87.15299992,58.08846162,121.0,101.57142857142857,82.0
2021-11-21,11,14.77305553,0.023282077,17.0627174,0.24270825,0.4784075,76.67716652,67.72339746,146.0,101.14285714285714,67.0
2021-11-22,11,7.9654167,0.017108231,23.01045173,0.4447915,0.410328636,85.14833332,68.16410254,82.0,98.57142857142857,55.0
2021-11-23,11,7.9829166,0.020066462,23.0381052,0.3287205,0.489147636,79.01033328,63.62692315,67.0,93.14285714285714,64.0
2021-11-24,11,10.64485294,0.029300308,19.791439,0.223363,0.425286864,78.89216672,60.98525654,55.0,89.85714285714286,74.0
2021-11-25,11,10.4479348,0.02809325,13.15262073,0.16041675,0.398168091,82.28715283,63.22211554,64.0,87.0,65.0
2021-11-26,11,12.3154166,0.021299,20.4220652,0.4166665,0.458694727,93.92274304,61.33237169,74.0,79.0,82.0
2021-11-27,11,14.95083333,0.018651917,23.57282607,0.42395825,0.625964182,87.19513888,61.63429485,65.0,69.85714285714286,82.0
2021-11-28,11,19.11875,0.020993923,23.51751213,0.61875,0.708023409,100.3973958,62.32211538,82.0,69.85714285714286,86.0
2021-11-29,11,20.0531818,0.013615385,33.1576588,0.5520835,0.804534409,92.45902775,63.44006423,82.0,72.57142857142857,111.0
2021-11-30,11,27.56764706,0.010321923,37.9628782,0.5239585,0.913868273,94.43802083,61.13525638,86.0,80.57142857142857,125.0
2021-12-01,12,30.9362499,0.0087315,36.39281307,0.40021925,0.878110409,93.04784121,61.33844769,111.0,89.28571428571429,124.0
2021-12-02,12,29.3975,0.017557923,30.6982188,0.22291675,0.813851545,92.81180554,55.48205131,125.0,96.42857142857143,155.0
2021-12-03,12,40.687296,0.017526077,25.02894936,0.14166675,0.600203136,85.25572917,55.45833331,124.0,109.28571428571429,134.0
2021-12-04,12,25.6508334,0.018914,20.17695386,0.175,0.575481864,86.290625,55.31314115,155.0,116.71428571428571,130.0
2021-12-05,12,29.4949999,0.015013692,21.5317935,0.17083325,0.715734818,83.31006942,54.60320515,134.0,123.57142857142857,133.0
2021-12-06,12,32.89191176,0.028804538,23.34770193,0.15854175,0.734831318,85.29618054,56.61185885,130.0,130.28571428571428,90.0
2021-12-07,12,15.995119,0.014135167,18.77506547,0.03958325,0.402440727,66.16232638,57.76858985,133.0,127.28571428571429,78.0
2021-12-08,12,17.4920833,0.026570154,18.71877313,0.1802085,0.520528818,89.76738896,56.598718,90.0,120.57142857142857,72.0
2021-12-09,12,6.6233334,0.022224846,12.17351547,0.06041675,0.263708818,105.9978333,54.40833346,78.0,113.14285714285714,63.0
2021-12-10,12,10.61666667,0.014200385,18.9529178,0.099236,0.444498091,72.93699996,51.51858969,72.0,100.0,69.0
2021-12-11,12,13.7516667,0.016995462,19.0866546,0.13229175,0.466557227,83.48233336,52.40032062,63.0,90.71428571428571,89.0
2021-12-12,12,17.97734375,0.018904846,19.90766913,0.30833325,0.563971909,91.43483332,51.60384608,69.0,84.85714285714286,69.0
2021-12-13,12,13.6665943,0.024652615,19.4497826,0.09895825,0.485601,62.76250004,51.44615385,89.0,75.71428571428571,51.0
2021-12-14,12,3.5963406,0.025609636,8.404485533,0.0,0.217669091,95.33999996,50.46025654,69.0,70.14285714285714,65.0
2021-12-15,12,10.05238093,0.013326091,19.68499593,0.12399725,0.476583955,87.91566668,45.78461538,51.0,68.28571428571429,67.0
2021-12-16,12,14.0029167,0.010536154,21.39761753,0.24479175,0.571514182,73.75133336,47.81602562,65.0,67.57142857142857,71.0
2021-12-17,12,14.5104529,0.017805385,20.63717393,0.2770835,0.475383409,89.76466664,52.98461531,67.0,68.71428571428571,77.0
2021-12-18,12,13.46397053,0.016583692,20.24955307,0.27604175,0.532682227,96.71650004,53.32435892,71.0,69.85714285714286,97.0
2021-12-19,12,24.65,0.014067923,21.36033813,0.27395825,0.649426136,89.72133328,51.05032046,77.0,71.0,120.0
2021-12-20,12,32.7641848,0.010067846,29.77759667,0.365625,0.809322364,91.88233328,51.39198723,97.0,78.28571428571429,93.0
2021-12-21,12,22.4644444,0.008205846,30.93071007,0.378125,0.714704727,89.89299996,55.71891031,120.0,84.28571428571429,95.0
2021-12-22,12,24.6766666,0.009980154,33.68203533,0.5552085,0.813608864,95.94933336,55.92724354,93.0,88.57142857142857,59.0
2021-12-23,12,9.8745834,0.022895923,16.54126813,0.0416665,0.362165136,56.38016656,53.18942308,95.0,87.42857142857143,61.0
2021-12-24,12,7.070343118,0.023448077,8.459565067,0.0083335,0.257792273,86.86749996,54.47051285,59.0,86.0,64.0
2021-12-25,12,8.2879167,0.032226154,7.423478333,0.00833325,0.325166591,74.71566672,50.67403862,61.0,84.14285714285714,54.0
2021-12-26,12,4.7262499,0.021285231,8.890604,0.059375,0.269833682,94.23566668,49.73333338,64.0,78.0,64.0
2021-12-27,12,7.233611133,0.022334923,14.06777773,0.11875,0.394498545,83.9455,46.82435908,54.0,70.0,54.0
2021-12-28,12,6.6591667,0.018484154,16.02455307,0.0520835,0.367002909,82.27416668,47.58237177,64.0,64.42857142857143,52.0
2021-12-29,12,5.3129891,0.028013538,12.1817752,0.01354175,0.318839045,47.02199992,48.09070515,54.0,58.285714285714285,42.0
2021-12-30,12,4.079053438,0.017891462,9.0251086,-0.03333325,0.232803955,50.42349984,50.96570523,52.0,55.857142857142854,82.0
2021-12-31,12,13.8475,0.023759846,12.48351447,0.07083325,0.355443227,92.97916672,51.60128192,42.0,58.857142857142854,106.0
2022-01-01,1,19.86770842,0.022314462,10.47060387,0.03645825,0.36569435,83.89449996,50.64679492,82.0,64.85714285714286,56.0
2022-01-02,1,8.375245118,0.020416385,14.76050733,0.0822915,0.37237705,87.41399996,50.11923069,106.0,65.14285714285714,66.0
2022-01-03,1,11.60798608,0.016045231,21.7546618,0.31875,0.5220563,95.70366664,49.39967946,56.0,65.42857142857143,75.0
2022-01-04,1,15.18124992,0.013909462,24.56175127,0.3072915,0.62478755,84.78666664,51.01923092,66.0,68.42857142857143,95.0
2022-01-05,1,21.23287044,0.013049692,28.1765614,0.4479165,0.70849125,87.2631666,55.67564092,75.0,74.57142857142857,104.0
2022-01-06,1,21.37326392,0.009208231,32.95256687,0.41875,0.80671535,84.24283328,57.80961538,95.0,83.42857142857143,98.0
2022-01-07,1,16.58744591,0.022869231,24.52447727,0.53645825,0.7134683,80.20983332,52.48782046,104.0,85.71428571428571,80.0
2022-01-08,1,16.58700982,0.022239692,15.1439492,0.05833325,0.395627,77.57900004,54.7625,98.0,82.0,82.0
2022-01-09,1,18.16284725,0.024049846,17.14363533,0.134375,0.46821035,86.72016664,57.46410262,80.0,85.71428571428571,66.0
2022-01-10,1,8.13980425,0.020108615,21.11557973,0.146875,0.40045415,81.61466668,59.93525638,82.0,85.71428571428571,78.0
2022-01-11,1,7.244956105,0.020104538,23.31195473,0.20416675,0.41335945,91.357,61.99807692,66.0,86.14285714285714,71.0
2022-01-12,1,11.23536708,0.014010846,27.79880193,0.5020835,0.5614833,92.36649996,61.12435892,78.0,82.71428571428571,81.0
2022-01-13,1,18.40618692,0.003313846,35.4304848,0.66666675,0.74496635,85.17716656,60.93685908,71.0,79.42857142857143,89.0
2022-01-14,1,18.47916665,0.016737538,30.7502296,0.63541675,0.74956875,86.36083336,62.15096154,81.0,78.14285714285714,77.0
2022-01-15,1,15.46736117,0.016058846,23.15657007,0.35208325,0.56738125,100.3178334,60.96153854,89.0,77.71428571428571,56.0
2022-01-16,1,8.74375,0.023425308,15.89007247,0.19479175,0.3382229,84.306,63.76185908,77.0,74.0,66.0
2022-01-17,1,10.189693,0.017389231,16.69733073,0.040625,0.34850635,73.01033328,58.47083323,56.0,74.0,66.0
2022-01-18,1,8.84590275,0.021601769,14.5630436,0.05251025,0.3226083,104.7531666,57.89551285,66.0,72.28571428571429,77.0
2022-01-19,1,17.38828067,0.014096154,18.7859444,0.0653815,0.41814775,92.65083336,55.49821623,66.0,73.14285714285714,69.0
2022-01-20,1,11.06887253,0.017805385,22.22872213,0.25208325,0.51097015,96.26500008,59.37499992,77.0,71.42857142857143,65.0
2022-01-21,1,11.629861,0.034656077,16.2353382,0.215625,0.4584333,64.06283336,59.41378215,69.0,68.0,57.0
2022-01-22,1,6.570486083,0.028606462,8.682500067,0.0635415,0.22695005,65.4068334,62.361218,65.0,65.14285714285714,80.0
2022-01-23,1,9.199264706,0.024701154,14.7938888,0.34895825,0.4305938,83.78460148,60.91217946,57.0,68.57142857142857,66.0
2022-01-24,1,11.87222217,0.017371,23.21652173,0.26770825,0.52541455,75.1451087,57.80929485,80.0,68.57142857142857,69.0
2022-01-25,1,13.78680558,0.019602692,24.2019554,0.146131,0.5282682,78.1730467,54.99549877,66.0,69.0,70.0
2022-01-26,1,12.297549,0.020067923,23.69455527,0.175,0.512503,81.49433324,55.98044877,69.0,68.0,68.0
2022-01-27,1,11.44270833,0.019701385,25.29767867,0.28645825,0.5113204,92.21516668,56.44006423,70.0,67.85714285714286,71.0
2022-01-28,1,9.279545455,0.027153846,20.47531393,0.2,0.47113125,66.46566668,58.65512823,68.0,68.71428571428571,57.0
2022-01-29,1,9.559259278,0.016443385,25.47393713,0.259375,0.4817687,91.3968334,56.48878208,71.0,68.71428571428571,83.0
2022-01-30,1,17.36180558,0.019778154,20.57648547,0.3145835,0.55524585,80.7245,55.45448723,57.0,69.14285714285714,80.0
2022-01-31,1,18.68819442,0.015010462,27.59233333,0.17604175,0.6488542,83.03683332,53.09358969,83.0,71.14285714285714,79.0
2022-02-01,2,17.61813724,0.023230769,21.30607487,0.05,0.47786875,76.24366664,54.26634608,80.0,72.57142857142857,70.0
2022-02-02,2,13.51770833,0.025416231,18.581872,0.19479175,0.4349938,86.26650016,53.31378208,79.0,72.57142857142857,67.0
2022-02-03,2,12.04027775,0.020067923,23.96665447,0.4125,0.46792715,91.26583332,53.07596146,70.0,72.42857142857143,71.0
2022-02-04,2,9.918749944,0.023703077,21.55275833,0.31875,0.51044785,85.76099996,55.16057692,67.0,72.42857142857143,62.0
2022-02-05,2,9.627083333,0.024733,20.0307608,0.29375,0.44971045,98.2445,56.30737185,71.0,73.14285714285714,86.0
2022-02-06,2,16.36979167,0.026126692,20.48179947,0.6020835,0.5311229,87.994,60.773718,62.0,73.57142857142857,79.0
2022-02-07,2,9.317647059,0.023565615,23.7971608,0.43645825,0.51865745,91.21692032,62.19170846,86.0,73.42857142857143,69.0
2022-02-08,2,9.88377525,0.023284923,25.58369047,0.46145825,0.47543205,89.81749996,63.90384615,79.0,72.0,95.0
2022-02-09,2,12.83860483,0.025735154,25.1416882,0.49479175,0.54668745,90.58550004,68.87948723,69.0,75.57142857142857,74.0
2022-02-10,2,10.03610406,0.023926846,21.55045167,0.48625,0.46889725,88.83000004,71.69711538,95.0,76.57142857142857,70.0
2022-02-11,2,13.26840275,0.023348462,27.19768773,0.45,0.55854175,89.57400004,68.63493592,74.0,76.42857142857143,70.0
2022-02-12,2,12.49375,0.026701308,21.68638893,0.2822915,0.53664575,77.20100004,69.489423,70.0,77.57142857142857,67.0
2022-02-13,2,9.926470588,0.030583769,16.47169087,0.36458325,0.45220835,94.06916656,68.46698715,70.0,74.85714285714286,78.0
2022-02-14,2,15.23125,0.034339385,21.9798914,0.3375,0.5434625,89.42449996,62.56314092,67.0,74.71428571428571,57.0
2022-02-15,2,7.780555583,0.029787308,8.3074518,0.0176815,0.2130708,87.6223334,53.57115385,78.0,73.0,55.0
2022-02-16,2,7.635185167,0.023300615,14.8978134,0.05166675,0.29738955,73.26196376,53.16705692,57.0,67.28571428571429,56.0
2022-02-17,2,8.503125,0.023755231,17.21609713,0.1048355,0.35617245,87.43849992,57.31698715,55.0,64.71428571428571,61.0
2022-02-18,2,9.774999917,0.024197538,22.08204833,0.36041675,0.43762075,90.13133352,58.22916669,56.0,63.42857142857143,70.0
2022-02-19,2,11.72769612,0.027339385,18.9191304,0.38645825,0.47447925,84.01016668,59.85865392,61.0,63.42857142857143,73.0
2022-02-20,2,15.56944442,0.040624462,13.55018113,0.13125,0.41337925,95.46166668,55.52435892,70.0,64.28571428571429,61.0
2022-02-21,2,10.13020825,0.037574692,7.817644867,0.04791675,0.2112833,91.3468334,54.64423069,73.0,61.857142857142854,67.0
2022-02-22,2,5.365674611,0.035309769,6.759385533,0.0729165,0.1962745,105.0820001,51.81730762,61.0,63.285714285714285,47.0
2022-02-23,2,3.915625,0.029767,8.746781,0.03125,0.20964725,113.0080455,47.36346138,67.0,62.142857142857146,55.0
2022-02-24,2,7.587092417,0.023939154,17.34292307,0.1520835,0.3256693,93.333,48.08251108,47.0,62.0,61.0
2022-02-25,2,9.646312824,0.024452462,21.9156412,0.3729165,0.4222666,86.87333332,50.72019246,55.0,62.0,67.0
2022-02-26,2,11.74678442,0.027615385,19.47380433,0.23229175,0.4458646,92.72383332,54.55160238,61.0,61.57142857142857,60.0
2022-02-27,2,9.58715275,0.029846231,15.60624393,0.24583325,0.37521255,91.76166672,59.24647446,67.0,59.714285714285715,76.0
2022-02-28,2,10.38773144,0.027357692,23.37966193,0.5291665,0.49101455,91.1445,65.87788469,60.0,61.857142857142854,85.0
2022-03-01,3,11.018599,0.025029,24.38168733,0.5625,0.4696866,83.17783328,67.326282,76.0,64.42857142857143,65.0
2022-03-02,3,12.57215908,0.028280846,28.27985993,0.328125,0.55046375,88.03100008,65.21987185,85.0,67.0,74.0
2022-03-03,3,13.69766624,0.040214385,16.73564933,0.121875,0.4365286,82.70999996,58.47467954,65.0,69.71428571428571,49.0
2022-03-04,3,5.79265875,0.034102077,8.479671533,0.021875,0.2190744,99.27666668,55.87788462,74.0,68.0,87.0
2022-03-05,3,6.6650815,0.031251154,6.438913067,0.0988095,0.22411245,106.0897618,51.13992662,49.0,70.85714285714286,56.0
2022-03-06,3,7.627355056,0.027673231,10.60155247,0.1583335,0.30769165,88.6255,51.21474369,87.0,70.28571428571429,62.0
2022-03-07,3,10.34519933,0.026710615,18.35655787,0.2479165,0.405327,84.04499996,54.78333338,56.0,68.28571428571429,60.0
2022-03-08,3,9.404861167,0.028895923,19.66985947,0.18125,0.38204745,95.1083334,56.90192308,62.0,64.71428571428571,62.0
2022-03-09,3,9.194169,0.036882077,16.37909767,0.3,0.3658375,80.07946328,56.37008846,60.0,64.28571428571429,62.0
2022-03-10,3,12.207197,0.032158538,11.57168433,0.1798295,0.2706458,89.8585,58.34903846,62.0,62.57142857142857,63.0
2022-03-11,3,10.49326692,0.030764615,18.12750007,0.37291675,0.36521465,91.67550004,59.40608977,62.0,64.57142857142857,59.0
2022-03-12,3,8.521759278,0.033895846,17.29249987,0.459375,0.39637925,102.958,61.46666662,63.0,60.57142857142857,64.0
2022-03-13,3,10.56631942,0.038524846,11.1477778,0.396875,0.36632445,88.81816652,59.134295,59.0,61.714285714285715,61.0
2022-03-14,3,10.22715745,0.030452385,15.19833347,0.27916675,0.357078722,79.99300004,62.01410262,64.0,61.57142857142857,64.0
2022-03-15,3,11.48638893,0.032186167,20.61885187,0.42604175,0.4885275,96.35399996,62.78974369,61.0,62.142857142857146,56.0
2022-03-16,3,9.2590334,0.032130417,11.57009636,0.25833325,0.278879778,98.88316664,64.14647438,64.0,61.285714285714285,58.0
2022-03-17,3,11.1645833,0.031658917,16.95922614,0.5458335,0.326841556,96.68416664,66.41891023,56.0,60.714285714285715,65.0
2022-03-18,3,12.34635419,0.033794167,18.79995757,0.4583335,0.385857722,84.76116676,65.32692292,58.0,61.0,62.0
2022-03-19,3,11.3554167,0.036553917,12.05714286,0.27291675,0.3105695,103.0113334,59.44551285,65.0,61.42857142857143,43.0
2022-03-20,3,4.9254166,0.036205917,4.030654786,0.24479175,0.180273167,122.1466667,61.58493592,62.0,58.42857142857143,61.0
2022-03-21,3,10.27055553,0.029960833,13.63333336,0.33125,0.298173556,79.94716668,63.59519223,43.0,58.42857142857143,67.0
2022-03-22,3,11.26575,0.032832333,19.871324,0.50729175,0.393268056,88.71500004,69.12692315,61.0,58.857142857142854,58.0
2022-03-23,3,8.6029167,0.034989091,19.0615425,0.403125,0.398777778,84.76666668,71.225641,67.0,59.142857142857146,74.0
2022-03-24,3,9.879947937,0.03141275,21.47701,0.6635415,0.396472579,99.7445,69.45160254,58.0,61.42857142857143,74.0
2022-03-25,3,13.6357739,0.031981615,20.26392347,0.4447915,0.4336626,101.904,66.55116538,74.0,62.714285714285715,69.0
2022-03-26,3,15.5520833,0.039113077,12.8863406,0.25104175,0.3550251,98.67116664,62.53108985,74.0,63.714285714285715,63.0
2022-03-27,3,7.944722267,0.04338,3.757089333,0.08541675,0.18772905,84.26766664,59.51121785,69.0,66.57142857142857,46.0
2022-03-28,3,5.3970833,0.031063385,6.528454067,0.0708335,0.1676895,78.7085,55.61634623,63.0,64.42857142857143,51.0
2022-03-29,3,6.24375,0.026724,11.2122222,0.1947915,0.25634995,99.78873635,57.17371792,46.0,62.142857142857146,59.0
2022-03-30,3,8.817708375,0.032705692,10.47209787,0.15048625,0.2609179,87.62804488,59.47596146,51.0,62.285714285714285,59.0
2022-03-31,3,9.9591666,0.029719538,8.667534533,0.13854175,0.2136437,108.9368132,58.77674,59.0,60.142857142857146,64.0
2022-04-01,4,12.18754967,0.035303231,12.85554107,0.27916675,0.3022021,119.4599359,60.538782,59.0,58.714285714285715,66.0
2022-04-02,4,13.01176471,0.041312385,8.827608733,0.18854175,0.273186,116.56875,59.20801285,64.0,58.285714285714285,59.0
2022-04-03,4,9.184027833,0.038855308,4.808707867,0.24479175,0.192965333,127.7445513,60.10801277,66.0,57.714285714285715,67.0
2022-04-04,4,12.56805558,0.032823538,11.93835747,0.2020835,0.280678222,110.7251603,61.524359,59.0,60.714285714285715,80.0
2022-04-05,4,12.24171124,0.030635,14.03384033,0.34375,0.355285167,94.41506412,66.41346146,67.0,64.85714285714286,112.0
2022-04-06,4,14.02708325,0.038149231,18.8973792,0.51458325,0.3758795,86.96073719,72.58333338,80.0,72.42857142857143,129.0
2022-04-07,4,11.10416675,0.038583692,19.220202,0.39791675,0.376813556,87.73413462,78.23843238,112.0,82.42857142857143,77.0
2022-04-08,4,10.61495094,0.037617385,18.1678398,0.5666665,0.34470065,99.10961546,80.671795,129.0,84.28571428571429,115.0
2022-04-09,4,18.21562492,0.047986462,11.1698912,0.478125,0.30948545,90.01458338,70.88397431,77.0,91.28571428571429,73.0
2022-04-10,4,17.35034733,0.045122231,3.877186,0.1614585,0.185725,102.4445513,62.92275638,115.0,93.28571428571429,63.0
2022-04-11,4,13.7273105,0.039348462,5.507198067,0.16354175,0.176475,111.1685898,59.77852546,73.0,92.71428571428571,69.0
2022-04-12,4,6.42604175,0.043551154,5.0933484,0.2052085,0.17010245,120.5820513,57.80512815,63.0,91.14285714285714,58.0
2022-04-13,4,8.196212091,0.038583615,11.3855578,0.42916675,0.24094785,95.97227558,58.77820515,69.0,83.42857142857143,61.0
2022-04-14,4,9.7727778,0.036751077,13.12089053,0.40104175,0.2802854,89.62690219,59.33057408,58.0,73.71428571428571,56.0
2022-04-15,4,8.745486167,0.034476231,10.28540727,0.31354175,0.25262665,92.44166673,60.37948708,61.0,70.71428571428571,46.0
2022-04-16,4,5.7006945,0.029009,4.922801867,0.18958325,0.18436245,112.2174679,59.42948708,56.0,60.857142857142854,61.0
2022-04-17,4,7.0502315,0.032352846,5.258007267,0.32395825,0.1935938,106.2403846,62.25032038,46.0,59.142857142857146,74.0
2022-04-18,4,10.40164145,0.037217615,13.6047222,0.4625,0.31192715,95.56009619,64.42724346,61.0,60.714285714285715,54.0
2022-04-19,4,8.3908334,0.031701308,10.8177898,0.3347915,0.2253723,99.07969319,63.31217954,74.0,58.57142857142857,53.0
2022-04-20,4,6.5872222,0.035189923,6.443417867,0.28513275,0.1744946,90.88541669,60.87788462,54.0,57.857142857142854,49.0
2022-04-21,4,6.001981364,0.034915615,8.447021733,0.23854175,0.2199931,103.1207252,58.96528877,53.0,56.142857142857146,44.0
2022-04-22,4,6.261111083,0.031484154,6.369726067,0.15520825,0.18019675,115.9985898,58.14423069,49.0,54.42857142857143,56.0
2022-04-23,4,8.708771947,0.036393692,9.4585146,0.44270825,0.26549785,90.52932692,62.36634623,44.0,55.857142857142854,61.0
2022-04-24,4,7.93159725,0.037963615,9.309794733,0.31666675,0.2981063,94.30576935,70.02243585,56.0,55.857142857142854,87.0
2022-04-25,4,9.916666667,0.042348385,16.73929953,0.490625,0.32805615,92.29711538,72.30192315,61.0,57.714285714285715,100.0
2022-04-26,4,13.77549012,0.044027154,14.91435,0.46770825,0.31272445,89.62172619,67.61625462,87.0,64.28571428571429,97.0
2022-04-27,4,16.78472217,0.045886846,7.286395933,0.22708325,0.2193577,93.80368588,62.85160254,100.0,70.57142857142857,80.0
2022-04-28,4,14.37291667,0.039660692,7.568315733,0.2333335,0.2067683,95.98205135,60.60993585,97.0,75.0,90.0
2022-04-29,4,14.20931376,0.039993385,12.14527653,0.27708325,0.30159335,87.87435904,62.25865377,80.0,81.57142857142857,129.0
2022-04-30,4,14.65486117,0.046330385,12.4602416,0.50729175,0.3634688,95.64182681,65.73557685,90.0,92.0,93.0
2022-05-01,5,13.099074,0.047339462,5.735036133,0.1895835,0.24331035,92.19513892,63.56701392,129.0,96.57142857142857,74.0
2022-05-02,5,12.99761907,0.040859769,7.710567667,0.165625,0.22153965,110.1762154,63.46145833,93.0,94.71428571428571,71.0
2022-05-03,5,12.24120367,0.038702615,8.2780556,0.196875,0.23182085,96.99951927,63.53878208,74.0,90.57142857142857,101.0
2022-05-04,5,14.18981478,0.041606462,13.2691426,0.25833325,0.30690075,98.51249996,66.79922154,71.0,91.14285714285714,108.0
2022-05-05,5,14.85055553,0.040846154,13.5224748,0.334375,0.3112773,105.220032,66.81506423,101.0,95.14285714285714,108.0
2022-05-06,5,13.56851844,0.038633538,15.0194806,0.39583325,0.3629396,96.04567312,67.81858969,108.0,97.71428571428571,80.0
2022-05-07,5,10.7216666,0.038330462,6.278647333,0.2229165,0.21296665,97.50112185,65.57371792,108.0,90.71428571428571,60.0
2022-05-08,5,10.35178571,0.037778231,3.603925067,0.203125,0.16414995,102.6458333,61.21794862,80.0,86.0,56.0
2022-05-09,5,9.761574,0.036181,7.339239133,0.209375,0.20006465,98.00512819,58.84198723,60.0,83.42857142857143,53.0
2022-05-10,5,8.064814778,0.033653538,9.886557933,0.3145835,0.23768475,99.16976981,58.24130038,56.0,80.85714285714286,60.0
2022-05-11,5,6.1425,0.035477923,9.010212733,0.303125,0.21436335,110.4298077,59.06634623,53.0,75.0,74.0
2022-05-12,5,8.075925889,0.038257231,14.1094322,0.48229175,0.2559345,103.676303,66.67051269,60.0,70.14285714285714,101.0
2022-05-13,5,9.762626222,0.039423538,17.00847427,0.65,0.34457925,90.51987181,72.92852562,74.0,69.14285714285714,192.0
2022-05-14,5,10.29613093,0.054972769,15.29105067,0.71666675,0.3812687,88.90176285,76.31698731,101.0,85.14285714285714,133.0
2022-05-15,5,13.21018511,0.044484077,10.920483,0.56979175,0.33474365,95.97163458,71.53237177,192.0,95.57142857142857,84.0
2022-05-16,5,11.46805544,0.037241154,7.856513067,0.2989585,0.21832085,100.975641,66.45737185,133.0,99.57142857142857,74.0
2022-05-17,5,10.88849431,0.03846,8.712501133,0.17875,0.2149917,100.843304,63.91095315,84.0,102.57142857142857,119.0
2022-05-18,5,13.69583333,0.04537325,8.792582267,0.06875,0.2424369,96.22804488,65.88076923,74.0,111.0,77.0
2022-05-19,5,12.13770122,0.043294167,7.3305304,0.07648825,0.2306314,97.37916654,63.73570238,119.0,111.42857142857143,64.0
2022-05-20,5,5.686217923,0.035028833,5.312308133,0.05729175,0.17032125,97.26330135,61.58653854,77.0,106.14285714285714,64.0
2022-05-21,5,7.369907333,0.036348,5.024202867,0.1385415,0.177,111.1517628,63.590064,64.0,87.85714285714286,84.0
2022-05-22,5,10.900463,0.03911275,6.354396133,0.30625,0.21514375,115.0107371,63.66826931,64.0,80.85714285714286,93.0
2022-05-23,5,13.18392857,0.042291667,8.2012158,0.0833335,0.23834025,98.45208335,63.36314108,84.0,82.14285714285714,154.0
2022-05-24,5,14.78009267,0.0476715,9.3472586,0.0989585,0.26761045,99.045032,67.50224354,93.0,93.57142857142857,179.0
2022-05-25,5,17.24953711,0.047786692,11.44164733,0.16875,0.296981,97.46057688,68.44615369,154.0,102.14285714285714,90.0
2022-05-26,5,11.22946429,0.040465231,8.283309133,0.09449375,0.23333785,105.1078525,67.04108146,179.0,104.0,56.0
2022-05-27,5,7.445833333,0.035204462,7.496394333,0.18645825,0.1893667,114.6075321,65.30352569,90.0,102.85714285714286,55.0
2022-05-28,5,6.987037111,0.031706,5.169782533,0.196875,0.17465,109.4993589,63.03461546,56.0,101.57142857142857,57.0
2022-05-29,5,7.64921875,0.033416308,4.414758333,0.1822915,0.1768083,106.281891,64.84358977,55.0,97.71428571428571,60.0
2022-05-30,5,11.04629633,0.034905077,4.587596667,0.20520825,0.1763479,105.5112179,66.19358969,57.0,93.0,97.0
2022-05-31,5,13.44814811,0.035723923,9.6996376,0.234375,0.22367715,101.3727564,67.41089746,60.0,84.85714285714286,105.0
2022-06-01,6,15.06513157,0.039366462,13.08100247,0.24479175,0.2763666,100.8778846,70.08098285,97.0,74.28571428571429,136.0
2022-06-02,6,15.18257578,0.043698,9.128584267,0.140625,0.22501455,96.47323727,69.29131933,105.0,80.85714285714286,84.0
2022-06-03,6,12.20601856,0.041597231,7.806304267,0.16041675,0.2108187,105.8564102,66.92604158,136.0,84.85714285714286,61.0
2022-06-04,6,7.586011929,0.034570077,5.298888933,0.18020825,0.17877925,100.507532,66.18020833,84.0,85.71428571428571,67.0
2022-06-05,6,5.847685111,0.029298692,5.415881533,0.196875,0.1865833,101.613782,69.19236108,61.0,87.14285714285714,90.0
2022-06-06,6,6.045370333,0.033619923,7.220555533,0.190625,0.19096465,98.72612181,71.16423608,67.0,91.42857142857143,129.0
2022-06-07,6,8.8125,0.040208154,9.022415267,0.15625,0.21042495,101.2817308,71.71874992,90.0,96.0,174.0
2022-06-08,6,9.977777778,0.044708077,9.648985467,0.1270835,0.2403105,102.3030448,72.03437483,129.0,105.85714285714286,172.0
2022-06-09,6,12.45462967,0.050754846,9.841950067,0.11979175,0.260825,96.37580123,72.96701383,174.0,111.0,182.0
2022-06-10,6,13.59968253,0.048912,13.786205,0.228125,0.33930615,102.8735577,75.14236117,172.0,125.0,154.0
2022-06-11,6,11.50416667,0.043660538,9.958043467,0.35729175,0.29596035,109.8711539,75.2930555,182.0,138.28571428571428,93.0
2022-06-12,6,9.634259222,0.042140231,6.389287333,0.203125,0.23197505,102.2326924,72.24340292,154.0,142.0,64.0
2022-06-13,6,6.576602615,0.033530692,5.733272933,0.1541665,0.1597583,95.97419877,69.60034717,93.0,138.28571428571428,97.0
2022-06-14,6,11.36898144,0.03797525,8.179654467,0.25208325,0.1854799,104.6692308,71.31944458,64.0,133.71428571428572,159.0
2022-06-15,6,14.71064811,0.044517154,10.08838933,0.16145825,0.23697825,101.5443909,72.43749992,97.0,131.57142857142858,161.0
2022-06-16,6,15.19965283,0.051342538,8.792628333,0.15,0.23266945,98.39022442,71.83611108,159.0,130.0,80.0
2022-06-17,6,10.97809989,0.040190692,6.5029564,0.2791665,0.1802444,104.5213141,68.0961805,161.0,115.42857142857143,58.0
2022-06-18,6,8.430555556,0.035554167,6.636002467,0.3072915,0.1907812,98.11618596,66.69444433,80.0,101.71428571428571,71.0
2022-06-19,6,8.308653846,0.034914917,6.244287467,0.4541665,0.21407715,96.80320508,69.41562492,58.0,98.57142857142857,133.0
2022-06-20,6,11.8,0.042494833,13.32212553,0.6895835,0.2834397,91.48557692,77.3875,71.0,108.42857142857143,112.0
2022-06-21,6,13.80277778,0.036925769,13.0966678,0.35833325,0.2743469,98.7971155,75.05416675,133.0,110.57142857142857,68.0
2022-06-22,6,13.8959344,0.034887231,13.996401,0.453125,0.301153,115.5948718,74.15277767,112.0,97.57142857142857,87.0
2022-06-23,6,11.59120367,0.037384231,12.70313593,0.596875,0.25645755,115.3286859,76.4180555,68.0,87.0,115.0
2022-06-24,6,11.23379633,0.038724,14.2675844,0.85729175,0.29452285,114.0959936,75.87830617,87.0,92.0,140.0
2022-06-25,6,11.17692308,0.039027154,10.6122946,0.47291675,0.2891812,109.1935897,75.00729167,115.0,103.71428571428571,172.0
2022-06-26,6,13.17361111,0.044366538,9.5364612,0.41875,0.2872292,105.3939102,76.75486108,140.0,118.14285714285714,151.0
2022-06-27,6,12.97916667,0.043819077,14.43344207,0.50104175,0.30816045,109.9219552,79.45208317,172.0,120.71428571428571,154.0
2022-06-28,6,11.7949405,0.042628923,14.98549527,0.54166675,0.3115375,105.4298077,79.95486125,151.0,126.71428571428571,133.0
2022-06-29,6,11.67824078,0.041678615,10.67852647,0.271875,0.23584015,99.46191719,77.59479175,154.0,136.0,119.0
2022-06-30,6,11.95925922,0.040412769,9.757917867,0.2833335,0.22601465,108.3411859,75.5118055,133.0,140.57142857142858,105.0
2022-07-01,7,11.15138883,0.038606308,10.64341793,0.3270835,0.2447354,105.9689102,74.223264,119.0,139.14285714285714,74.0
2022-07-02,7,10.15231489,0.034592769,7.893309133,0.425,0.2214604,105.0501603,71.92627317,105.0,129.71428571428572,57.0
2022-07-03,7,8.760185222,0.034710462,5.038925267,0.378125,0.18460625,95.40729163,69.69583336,74.0,113.28571428571429,146.0
2022-07-04,7,21.29107143,0.033,5.097354933,0.36979175,0.18744165,100.5685765,69.55681809,57.0,112.57142857142857,151.0
2022-07-05,7,17.32685189,0.027682923,7.421078267,0.421875,0.20195765,104.0045814,71.34053042,146.0,112.14285714285714,47.0
2022-07-06,7,4.8,0.020040846,7.5736276,0.30416675,0.1714288,103.1709935,71.28020825,151.0,99.85714285714286,58.0
2022-07-07,7,6.080902833,0.028126692,10.36010427,0.396875,0.23091455,102.0447115,73.74895825,47.0,91.14285714285714,93.0
2022-07-08,7,7.787301556,0.032097077,9.830798867,0.21041675,0.22617465,104.8902243,73.09097225,58.0,89.42857142857143,93.0
2022-07-09,7,9.216666667,0.033506846,9.282850267,0.34375,0.2469708,107.4222756,74.25972225,93.0,92.14285714285714,115.0
2022-07-10,7,9.556089769,0.036963846,8.767391333,0.421875,0.2579605,101.8959935,75.84895825,93.0,100.42857142857143,112.0
2022-07-11,7,10.74166667,0.034719462,10.14544693,0.28854175,0.2403042,107.9152244,73.03888892,115.0,95.57142857142857,108.0
2022-07-12,7,8.997222222,0.035402692,9.496388867,0.209375,0.2102757,106.4964744,71.0194445,112.0,89.42857142857143,133.0
2022-07-13,7,6.860069417,0.034330308,9.497862467,0.33958325,0.2183187,116.2923077,71.54409708,108.0,101.71428571428571,115.0
2022-07-14,7,6.739814778,0.032411769,10.28298307,0.206101,0.22728575,109.3923076,73.48784717,133.0,109.85714285714286,156.0
2022-07-15,7,9.821759222,0.041520538,12.02845407,0.371228,0.26571225,111.2857372,76.248611,115.0,118.85714285714286,169.0
2022-07-16,7,12.49583333,0.043665154,10.76495173,0.334375,0.28816675,106.415064,77.55277767,156.0,129.71428571428572,140.0
2022-07-17,7,10.68564811,0.038977538,8.222971,0.27604175,0.25324995,102.7790064,77.25972233,169.0,133.28571428571428,108.0
2022-07-18,7,9.006018444,0.034334692,10.95338167,0.46875,0.24691045,105.9475962,79.22152783,140.0,132.71428571428572,84.0
2022-07-19,7,9.064743538,0.034828,12.1939734,0.70643925,0.24981815,113.6208334,79.47326367,108.0,129.28571428571428,90.0
2022-07-20,7,11.186574,0.034235308,12.35492747,0.57708325,0.24552085,108.8036859,78.26354175,84.0,123.14285714285714,156.0
2022-07-21,7,9.650925889,0.038176538,12.5420652,0.58125,0.26006465,106.6011218,77.06597225,90.0,129.0,150.0
2022-07-22,7,9.993154714,0.043673615,9.982042733,0.42395825,0.2356179,105.6171475,75.2180555,156.0,128.14285714285714,133.0
2022-07-23,7,11.20092589,0.042484308,5.8554226,0.34270825,0.19922925,106.3189102,74.15416667,150.0,123.0,136.0
2022-07-24,7,10.68425922,0.042398077,5.570905933,0.37604175,0.20785835,108.1883013,73.75138892,133.0,122.42857142857143,129.0
2022-07-25,7,9.508333308,0.041176692,8.297173933,0.378125,0.21717915,104.9480769,73.92222225,136.0,125.42857142857143,122.0
2022-07-26,7,9.324537,0.041325077,9.5540946,0.440625,0.21726995,115.81875,73.6069445,129.0,130.85714285714286,112.0
2022-07-27,7,9.010185222,0.037859692,10.94293807,0.51600375,0.22455005,114.4935898,73.52604158,122.0,134.0,140.0
2022-07-28,7,8.467222267,0.033033692,12.53739033,0.4692235,0.2438757,108.0136218,74.93263892,112.0,131.71428571428572,136.0
2022-07-29,7,7.623148111,0.036967615,9.934444533,0.434375,0.2112937,97.26602562,75.84583342,140.0,129.71428571428572,108.0
2022-07-30,7,7.313425889,0.034990923,9.4577778,0.45520825,0.2380667,101.1475962,75.78611117,136.0,126.14285714285714,93.0
2022-07-31,7,6.457552923,0.036307615,6.437777933,0.471875,0.19651455,105.3479167,79.00416658,108.0,120.0,74.0
2022-08-01,8,7.387037,0.026393538,10.42130433,0.63541675,0.2256624,116.7192308,78.44583325,93.0,112.14285714285714,54.0
2022-08-02,8,7.131018556,0.024496154,9.399043733,0.55833325,0.19765965,121.336859,76.96006958,74.0,102.42857142857143,112.0
2022-08-03,8,8.613095286,0.033183077,10.45140347,0.553125,0.20767065,112.3458334,77.17916667,54.0,102.42857142857143,105.0
2022-08-04,8,9.259259222,0.032284231,11.4588194,0.63604175,0.22786745,111.3791666,76.2493055,112.0,97.42857142857143,67.0
2022-08-05,8,7.702447111,0.024199462,11.2493806,0.81934525,0.2239638,110.6649039,77.68263883,105.0,87.57142857142857,87.0
2022-08-06,8,7.335577,0.028493231,9.749432333,0.8270835,0.24988545,109.4538462,78.01874992,67.0,84.57142857142857,136.0
2022-08-07,8,8.75,0.036905,10.63291067,0.95833325,0.30408135,100.8296474,80.64513883,87.0,90.71428571428571,122.0
2022-08-08,8,10.69212956,0.040398154,12.46689613,0.6427085,0.28733335,98.87548069,80.18993058,136.0,97.57142857142857,90.0
2022-08-09,8,9.639642867,0.036590462,13.79902907,0.7770835,0.2703948,102.9214745,82.65624983,122.0,102.71428571428571,84.0
2022-08-10,8,9.190277778,0.033109846,14.5426956,0.946875,0.2726645,103.7815705,81.93888892,90.0,98.71428571428571,87.0
2022-08-11,8,8.208574364,0.031506769,14.8594466,0.97708325,0.29135175,101.4001602,80.53611117,84.0,96.14285714285714,140.0
2022-08-12,8,11.04,0.037032154,15.33861927,1.10729175,0.3218,107.0349358,79.95659725,87.0,106.57142857142857,161.0
2022-08-13,8,12.65681809,0.044990923,13.1922222,0.825,0.3231209,102.8673077,81.45069442,140.0,117.14285714285714,150.0
2022-08-14,8,11.78409091,0.043859692,9.965132933,0.78958325,0.2914813,103.0488782,80.24548625,161.0,119.14285714285714,161.0
2022-08-15,8,14.29921875,0.042841615,16.0222584,0.9166665,0.34089375,107.6464744,79.53298608,150.0,124.71428571428571,151.0
2022-08-16,8,12.78598482,0.041411846,16.827275,1.08854175,0.32667115,110.4028846,79.93055558,161.0,133.42857142857142,119.0
2022-08-17,8,9.170833273,0.035552154,14.50729633,1.044688,0.2909985,113.0190705,78.82596154,151.0,138.42857142857142,136.0
2022-08-18,8,9.096388867,0.032984077,13.19858753,0.74199675,0.2683996,112.9911859,75.08429492,119.0,145.42857142857142,164.0
2022-08-19,8,10.31742427,0.040990923,14.2260508,0.61666675,0.32795625,106.6182692,75.19839738,136.0,148.85714285714286,105.0
2022-08-20,8,9.526893909,0.037253308,6.359009733,0.39375,0.21112285,99.06282054,74.21730769,164.0,140.85714285714286,90.0
2022-08-21,8,9.029656824,0.034067846,4.730048333,0.353125,0.19618955,103.107532,73.75801277,105.0,132.28571428571428,112.0
2022-08-22,8,9.159090909,0.033488769,10.15374393,0.459375,0.219775,112.6616988,73.79294869,90.0,125.28571428571429,174.0
2022-08-23,8,10.96060609,0.041538538,13.64155807,0.46145825,0.3078793,105.1526129,75.521047,112.0,128.57142857142858,115.0
2022-08-24,8,8.729484133,0.032656077,10.57454867,0.43958325,0.2367967,98.59983969,77.02430567,174.0,128.0,84.0
2022-08-25,8,8.876210182,0.033701385,10.656621,0.47708325,0.23708065,102.7759616,78.56817633,115.0,120.57142857142857,101.0
2022-08-26,8,9.959848455,0.033675692,12.59579873,0.578125,0.27991245,113.1517628,76.87673608,84.0,111.57142857142857,84.0
2022-08-27,8,7.564266313,0.032936615,8.459335533,0.49505025,0.2455,104.9048077,74.82465283,101.0,108.57142857142857,55.0
2022-08-28,8,5.856060636,0.031244385,4.548562867,0.378125,0.1769958,108.8597757,73.87916675,84.0,103.57142857142857,74.0
2022-08-29,8,9.292424273,0.029398231,10.2897816,0.55,0.22047075,111.2709936,74.52604167,55.0,98.14285714285714,112.0
2022-08-30,8,13.22,0.031638,16.10597827,0.77916675,0.3231041,101.3668269,79.63402767,74.0,89.28571428571429,159.0
2022-08-31,8,14.43885282,0.035095077,20.49986267,1.01853,0.4092233,100.4320513,85.18977273,112.0,95.57142857142857,209.0
2022-09-01,9,14.40037882,0.045268846,17.50532607,0.746875,0.3905905,92.86858965,85.69305542,159.0,113.42857142857143,156.0
2022-09-02,9,14.29901959,0.042133846,15.58174787,0.63645825,0.339688,92.03125,85.13715283,209.0,121.28571428571429,159.0
2022-09-03,9,14.64431818,0.048782769,14.15130433,0.8875,0.34178125,101.3567308,87.61076383,156.0,132.0,133.0
2022-09-04,9,11.45984855,0.045353,10.67252427,0.65729175,0.3065083,93.19823712,87.90624992,159.0,143.14285714285714,182.0
2022-09-05,9,10.08361107,0.044209538,9.913816267,0.63854175,0.2892792,102.5017629,86.51597225,133.0,158.57142857142858,172.0
2022-09-06,9,11.53273809,0.042495,13.56483207,0.72229175,0.3140282,101.4557693,84.8802085,182.0,167.14285714285714,156.0
2022-09-07,9,15.3,0.036742769,17.95223427,0.958385,0.35407075,104.333144,85.76920283,172.0,166.71428571428572,77.0
2022-09-08,9,13.05807294,0.036742,17.8636474,0.6833335,0.3733785,98.993109,85.46979167,156.0,147.85714285714286,60.0
2022-09-09,9,9.841666636,0.022392,12.3651984,0.68990375,0.24491305,73.92564096,83.49791667,77.0,134.14285714285714,52.0
2022-09-10,9,5.489772727,0.019208077,7.634287467,0.56354175,0.18527295,98.52724369,75.41840283,60.0,118.85714285714286,46.0
2022-09-11,9,4.0344444,0.024972769,5.229432467,0.53958325,0.1538001,104.8445513,79.18055542,52.0,106.42857142857143,49.0
2022-09-12,9,5.573468364,0.024750154,8.1760628,0.575,0.1673556,106.6427885,77.52812517,46.0,87.42857142857143,61.0
2022-09-13,9,11.46060609,0.027496385,9.8140544,0.4875,0.20582605,102.2113783,75.31666667,49.0,71.57142857142857,58.0
2022-09-14,9,8.783888867,0.029606308,8.723010667,0.378125,0.1930388,97.00352554,72.46354183,61.0,57.57142857142857,61.0
2022-09-15,9,8.61375,0.030840231,9.763704533,0.3635415,0.21332365,98.27397581,71.38442033,58.0,55.285714285714285,93.0
2022-09-16,9,11.39701909,0.034945308,11.72013527,0.434375,0.28611225,91.95024392,71.27016908,61.0,60.0,67.0
2022-09-17,9,11.32972227,0.039665077,8.344686133,0.28333325,0.2608104,86.65769223,69.50312483,93.0,62.142857142857146,55.0
2022-09-18,9,8.164772727,0.030104154,3.9621498,0.28854175,0.1657771,96.35352562,69.40625,67.0,63.42857142857143,46.0
2022-09-19,9,4.9274999,0.023416231,8.8126526,0.384375,0.22199145,96.79020154,69.24588283,55.0,63.0,38.0
2022-09-20,9,3.759161938,0.020680692,8.281884,0.346875,0.1994219,101.6104167,70.82118058,46.0,59.714285714285715,42.0
2022-09-21,9,5.077381,0.023859846,9.8209662,0.43645825,0.2135105,111.875,70.06459577,38.0,57.42857142857143,87.0
2022-09-22,9,7.3375,0.033133231,16.18628867,0.51839425,0.33146295,95.83141023,72.35608977,42.0,61.142857142857146,90.0
2022-09-23,9,9.381944467,0.037046462,18.6408196,0.43348225,0.4044104,104.6790065,75.25801285,87.0,60.714285714285715,93.0
2022-09-24,9,9.069318182,0.038683154,13.82847827,0.7083335,0.3582668,105.8019231,77.45128208,90.0,64.42857142857143,101.0
2022-09-25,9,9.766666636,0.035276,11.54142507,0.78125,0.306018611,106.0820513,77.57628192,93.0,71.0,87.0
2022-09-26,9,10.74062506,0.031013615,17.07951693,0.63333325,0.347222167,102.2163462,78.23910254,101.0,76.85714285714286,126.0
2022-09-27,9,12.38371209,0.037022538,20.15349047,0.68500925,0.395833333,99.78301281,79.45769238,87.0,89.42857142857143,154.0
2022-09-28,9,11.63106055,0.042352615,17.77702413,0.471875,0.403469556,94.43926285,78.61217954,126.0,105.42857142857143,112.0
2022-09-29,9,12.31190471,0.037294,14.17859893,0.3158685,0.330324056,105.3184295,74.52339754,154.0,109.0,67.0
2022-09-30,9,9.470075818,0.036215583,8.514523857,0.18276525,0.228719737,91.00972217,70.77361117,112.0,105.71428571428571,64.0
2022-10-01,10,7.580681818,0.040107917,5.1098475,0.16041675,0.169053,98.42083329,68.91180567,67.0,101.57142857142857,87.0
2022-10-02,10,9.048511857,0.0380835,4.957336929,0.28541675,0.185993222,109.5065972,69.92118058,64.0,99.57142857142857,74.0
2022-10-03,10,8.625378818,0.031044167,12.73360986,0.4,0.273907,103.9602431,70.44652783,87.0,97.71428571428571,93.0
2022-10-04,10,10.43219691,0.0360455,15.57328457,0.3020835,0.365830889,95.91215262,72.25451375,74.0,93.0,126.0
2022-10-05,10,13.85938646,0.04198525,12.6333075,0.19479175,0.291761722,99.59479163,71.78402775,93.0,89.0,129.0
2022-10-06,10,12.95454545,0.042371333,10.49157179,0.125,0.277673167,97.12291663,70.5875,126.0,91.42857142857143,119.0
2022-10-07,10,16.42992427,0.042256333,12.78587521,0.246875,0.320132556,103.272743,71.74756942,129.0,98.85714285714286,143.0
2022-10-08,10,16.18671881,0.045005,12.48328157,0.24270825,0.395953611,105.0421876,71.66770842,119.0,110.14285714285714,115.0
2022-10-09,10,13.86325755,0.039857667,8.465489143,0.21770825,0.307919056,104.8796875,70.47222225,143.0,114.14285714285714,80.0
2022-10-10,10,11.72689382,0.040526667,10.428775,0.18125,0.277499222,100.7918403,68.78090292,115.0,115.0,66.0
2022-10-11,10,10.22321429,0.039210833,8.780577214,0.125,0.236406833,96.65555546,69.36354175,80.0,111.14285714285714,64.0
2022-10-12,10,9.770833333,0.035548667,10.02633743,0.16875,0.253231111,114.7043867,68.84757392,66.0,102.28571428571429,76.0
2022-10-13,10,16.8897252,0.038143417,11.40923086,0.1,0.295705556,90.93125,67.87291667,64.0,94.71428571428571,75.0
2022-10-14,10,9.2502778,0.03729025,9.757849071,0.07916675,0.273076833,96.05104163,66.86840275,76.0,88.42857142857143,51.0
2022-10-15,10,5.9332895,0.030357833,6.773136071,0.115625,0.189101889,107.0493421,65.83168858,75.0,75.28571428571429,54.0
2022-10-16,10,5.847727273,0.02557325,8.164609286,0.16354175,0.239358889,107.3253472,65.57291667,51.0,66.57142857142857,60.0
2022-10-17,10,9.037591538,0.026652,15.27047114,0.40625,0.385979056,105.3996527,67.71423617,54.0,63.714285714285715,84.0
2022-10-18,10,11.0979166,0.03219825,21.0689035,0.480066,0.436415444,96.557118,73.31250008,60.0,66.28571428571429,72.0
2022-10-19,10,11.05667,0.029695667,22.40506121,0.3490395,0.418401833,86.50902783,77.286553,84.0,67.42857142857143,61.0
2022-10-20,10,9.436979125,0.034857917,21.5678185,0.4239585,0.426972333,91.48020838,75.2243055,72.0,65.28571428571429,97.0
2022-10-21,10,9.023484818,0.043740833,11.62290007,0.1576705,0.312270278,92.50260413,68.85069442,61.0,68.42857142857143,62.0
2022-10-22,10,9.707954636,0.03566175,4.469759286,0.1375,0.191023375,98.62638892,64.52534725,97.0,70.0,51.0
2022-10-23,10,6.951785714,0.02729425,6.558915571,0.17604175,0.192291438,89.005382,62.20208325,62.0,69.57142857142857,55.0
2022-10-24,10,7.971590818,0.024401833,15.39241714,0.3135415,0.295968688,93.82309025,62.442014,51.0,68.85714285714286,59.0
2022-10-25,10,8.844318273,0.024446167,22.0576605,0.4166665,0.39939575,86.58593754,63.00104158,55.0,65.28571428571429,63.0
2022-10-26,10,9.4776245,0.02949025,17.47264379,0.3197915,0.389363667,86.48194446,61.948043,59.0,64.0,62.0
2022-10-27,10,12.1366667,0.02925525,18.5987855,0.228125,0.3859875,81.392014,62.39166667,63.0,64.14285714285714,70.0
2022-10-28,10,14.55303027,0.026686833,22.02072607,0.4166665,0.511325167,92.58390358,62.73065458,62.0,60.285714285714285,71.0
2022-10-29,10,13.78005957,0.030715667,20.09048914,0.59791675,0.5478265,92.60746529,63.28298617,70.0,61.57142857142857,77.0
2022-10-30,10,13.60454545,0.032083167,19.70847571,0.39166675,0.554201389,81.60815979,64.92812492,71.0,65.28571428571429,70.0
2022-10-31,10,14.42007582,0.026588167,24.73487321,0.36041675,0.602932944,87.79322921,65.04722217,77.0,67.42857142857143,68.0
2022-11-01,11,11.64427081,0.03636275,10.90768636,0.165625,0.310578667,84.84305554,63.11840275,70.0,68.71428571428571,45.0
2022-11-02,11,5.0673731,0.02824025,7.824244857,0.3125,0.175959833,107.8938763,58.61840283,68.0,66.14285714285714,50.0
2022-11-03,11,4.529545545,0.022125417,10.08594429,0.2,0.203410056,120.1842013,54.36944425,45.0,64.42857142857143,55.0
2022-11-04,11,6.937499929,0.019127833,18.69627014,0.3510415,0.372787889,88.71927079,55.8555555,50.0,62.285714285714285,65.0
2022-11-05,11,11.20227273,0.021598083,20.19638964,0.434375,0.496078611,90.64062504,58.06701383,55.0,61.42857142857143,66.0
2022-11-06,11,11.67651518,0.034200833,13.33131479,0.2302085,0.446069167,91.80364587,59.39965275,65.0,59.857142857142854,54.0
2022-11-07,11,5.524166667,0.017495083,8.925168214,0.103125,0.232599611,76.95468754,58.24479167,66.0,57.57142857142857,46.0
2022-11-08,11,3.354973545,0.027567417,7.485080214,0.1052085,0.1803445,87.76979167,56.16770833,54.0,54.42857142857143,52.0
2022-11-09,11,4.757575727,0.019716167,12.10454543,0.1447915,0.261107444,101.5789931,53.05114725,46.0,55.42857142857143,58.0
2022-11-10,11,8.00625,0.01658825,18.21671836,0.2885415,0.406458833,87.47829854,54.03055558,52.0,56.57142857142857,62.0
2022-11-11,11,9.534436727,0.018544,19.82690221,0.28645825,0.443007,93.97517363,55.60486108,58.0,57.57142857142857,69.0
2022-11-12,11,12.91439391,0.020769583,18.605836,0.3447915,0.478377278,91.62187504,54.54409725,62.0,58.142857142857146,64.0
2022-11-13,11,10.38269847,0.022813667,13.35157864,0.24375,0.410833333,96.79704863,54.67465283,69.0,57.857142857142854,65.0
2022-11-14,11,11.42613636,0.017460833,21.84347836,0.35,0.456756889,93.35781254,55.22187492,64.0,59.42857142857143,70.0
2022-11-15,11,12.45075755,0.022086417,21.97864007,0.35625,0.533095278,78.87144892,56.94124408,65.0,62.857142857142854,73.0
2022-11-16,11,11.05773814,0.020710333,20.99524229,0.427193,0.559544944,77.66319438,60.20312492,70.0,65.85714285714286,65.0
2022-11-17,11,10.59772727,0.0175198,24.40856307,0.49270825,0.510162333,95.73104475,58.0701705,73.0,66.85714285714286,67.0
2022-11-18,11,13.65838745,0.019695667,24.43072771,0.315625,0.589539333,87.93541675,55.66215275,65.0,67.57142857142857,81.0
2022-11-19,11,12.17333333,0.02716175,16.04023029,0.288904,0.520041444,82.69843758,59.40555575,67.0,69.28571428571429,58.0
2022-11-20,11,9.609848455,0.023308833,18.20947207,0.30520825,0.418023167,97.490625,58.729514,81.0,68.42857142857143,60.0
2022-11-21,11,9.376894,0.018029417,25.155409,0.3770835,0.450497722,93.09756942,58.20243075,58.0,67.71428571428571,66.0
2022-11-22,11,11.10169507,0.016240083,26.74494043,0.4427085,0.5160555,87.79012896,57.24652767,60.0,67.14285714285714,84.0
2022-11-23,11,20.13977273,0.014965667,31.00762164,0.497729,0.689783056,90.45642363,56.14687508,66.0,68.71428571428571,117.0
2022-11-24,11,21.90265155,0.025480417,20.345264,0.39791675,0.609620278,77.82361121,60.28645842,84.0,76.14285714285714,76.0
2022-11-25,11,11.52888887,0.020416583,18.90788036,0.35520825,0.458911944,93.98159725,58.82881942,117.0,77.42857142857143,77.0
2022-11-26,11,14.39128782,0.021078417,20.64782614,0.3041665,0.5863425,85.69809033,56.15486108,76.0,76.85714285714286,83.0
2022-11-27,11,18.69356064,0.027970667,19.09992236,0.3,0.560090278,88.75156246,56.68368058,77.0,80.42857142857143,73.0
2022-11-28,11,12.97441764,0.032156917,12.66943586,0.1197915,0.356037111,77.55104163,56.34097225,83.0,82.28571428571429,67.0
2022-11-29,11,10.73333336,0.019301333,15.56541157,0.1166665,0.3490155,80.84201392,54.98854158,73.0,82.42857142857143,67.0
2022-11-30,11,9.939772727,0.031310833,13.9789,0.1136905,0.382901722,76.94565983,53.81736108,67.0,80.0,58.0
2022-12-01,12,5.260555533,0.028114667,10.83336121,0.10297625,0.220303278,80.20295133,54.33576383,67.0,71.57142857142857,61.0
2022-12-02,12,5.238636273,0.012995167,12.9315605,0.098389,0.273556889,78.33142367,54.52048617,58.0,69.42857142857143,63.0
2022-12-03,12,8.673106091,0.014852833,13.83857393,0.22083325,0.4429235,101.4449653,58.596875,61.0,67.42857142857143,65.0
2022-12-04,12,9.772023786,0.015196167,12.22718679,0.1364585,0.446354222,95.76805554,57.09340292,63.0,64.85714285714286,52.0
2022-12-05,12,5.207575727,0.01913725,12.91792186,0.10520825,0.295296278,99.35659729,55.3600695,65.0,61.857142857142854,59.0
2022-12-06,12,7.138257636,0.015502417,16.07116471,0.1072915,0.373884111,76.16840279,52.46786608,52.0,60.714285714285715,64.0
2022-12-07,12,10.13072919,0.0158549,16.85714621,0.2185305,0.498887944,93.48298617,50.56770842,59.0,60.285714285714285,62.0
2022-12-08,12,11.36271645,0.015773455,18.92477136,0.284375,0.503712278,103.8900297,49.72023808,64.0,60.857142857142854,74.0
2022-12-09,12,14.41287882,0.012850273,22.04333471,0.33020825,0.583376778,81.42916667,50.07812508,62.0,62.714285714285715,66.0
2022-12-10,12,11.58541671,0.028280091,14.45353271,0.21770825,0.518338056,80.6555555,52.68229167,74.0,63.142857142857146,54.0
2022-12-11,12,5.118181818,0.0236294,5.772269643,0.07916675,0.197687556,105.7513889,52.63750008,66.0,61.57142857142857,51.0
2022-12-12,12,5.975,0.015953,14.11460914,0.08125,0.343706,59.85885417,46.56145833,54.0,61.42857142857143,60.0
2022-12-13,12,9.771666667,0.0143353,17.82747314,0.18541675,0.435870389,82.23385417,47.865625,51.0,61.57142857142857,70.0
2022-12-14,12,14.42891018,0.011693545,21.1240395,0.31473225,0.527352333,94.68611108,48.36080917,60.0,62.42857142857143,78.0
2022-12-15,12,17.01136364,0.008907167,25.38529457,0.43125,0.665125,95.2805555,50.85,70.0,64.71428571428571,61.0
2022-12-16,12,9.569597077,0.017006273,21.47515643,0.3385415,0.497743944,89.06718742,54.053125,78.0,62.857142857142854,64.0
2022-12-17,12,11.3670833,0.014545545,21.52803015,0.284375,0.453453611,87.14565967,51.26666675,61.0,62.57142857142857,80.0
2022-12-18,12,16.68,0.015085818,20.59152092,0.31770825,0.561865611,91.34409725,49.98472217,64.0,66.28571428571429,96.0
2022-12-19,12,22.88310443,0.014621,26.57074169,0.47291675,0.671856444,92.66215283,49.70962292,80.0,72.71428571428571,75.0
2022-12-20,12,17.04635413,0.014071778,27.04973046,0.4375,0.6142055,97.18202338,53.21212118,96.0,74.85714285714286,78.0
2022-12-21,12,17.42916671,0.011001,27.12238731,0.630506,0.636277833,86.26249996,56.93181818,75.0,76.0,88.0
2022-12-22,12,20.06145833,0.008426545,28.05899608,0.4375,0.721691167,81.21788192,56.22727273,78.0,77.42857142857143,102.0
2022-12-23,12,28.17824078,0.009473818,29.03915554,0.4584175,0.851947722,91.08159725,55.58712127,88.0,83.28571428571429,148.0
2022-12-24,12,31.65648144,0.0188706,22.14487169,0.46770825,0.735625,95.48315967,60.34090918,102.0,95.28571428571429,114.0
2022-12-25,12,16.91346154,0.019401091,16.23108977,0.39583325,0.516530167,98.32152775,64.48484855,148.0,100.14285714285714,86.0
2022-12-26,12,16.75370367,0.011919727,21.84166669,0.4802085,0.625370389,87.80434021,62.91666664,114.0,98.71428571428571,75.0
2022-12-27,12,16.99351856,0.015663,23.15288454,0.2354165,0.637928278,76.35243054,56.625,86.0,98.71428571428571,58.0
2022-12-28,12,9.298611167,0.021179182,12.73365392,0.084375,0.291356556,84.45104179,55.71212118,75.0,95.85714285714286,55.0
2022-12-29,12,8.816203667,0.0194294,13.30993577,0.0697915,0.292178333,77.92256954,55.39772736,58.0,91.14285714285714,54.0
2022-12-30,12,5.570833333,0.0199176,12.13659677,0.05729175,0.280071556,82.28090279,55.96590927,55.0,84.28571428571429,31.0
2022-12-31,12,2.561904786,0.0175083,4.813141077,0.02291675,0.169025444,78.37690975,56.56439391,54.0,67.57142857142857,46.0
